"0";"24368751-XX";"379";"EUR";"Gucci";"Gucci Vintage Manual Wind Pink Lucite Wrist Watch Bangle Rare";"Beautiful vintage bangle wristwatch by GUCCI in translucent pink lucite. Rectangle-shaped case.17 Jewels Swiss Wind-Up. Light gold dial. Clasp closure. 'GUCCI' and 'Italy' embossed on the dial. Bracelet diameter: 2.25 Inches - 5,8 cm. Case width: 30 mm Condition B - VERY GOOD The watch is in working condition. Light surface scratches on plexiglass. Please check the photos carefully and ask if you need to know more details or if you have any doubts. Details MATERIAL: Plastic COLOR: Pink MODEL: - GENDER: Women COUNTRY OF MANUFACTURE: Switzerland TYPE: Wristwatch STYLE: Classic FEATURES: Swiss Made MOVEMENT: Mechanical (Hand-winding) OCCASION: Everyday VINTAGE?: Yes YEAR MANUFACTURED: 1970-1979 BOX?: No DIAL COLOR: Gold WATER RESISTANCE:30 m (3 ATM) DIAL STYLE: 12-Hour Dial BAND TYPE: Bracelet SERIAL NUMBER: - HANDEDNESS: Both Hands BAND WIDTH:7 mm BAND MATERIAL:Plastic CASE COLOR:Pink DISPLAY:Analog CASE SIZE:30 mm";"JEWELRY";"Watches";"Plastic";"Pink";"0.00";"Onesize";"";"";"";"";"";"";"";"";"Please read item description";"B - VERY GOOD";"https://cdn.shopify.com/s/files/1/1593/2761/products/3cdc5a94-2e50-5844-9825-073b98b269a5.jpg?v=1613573010";"https://cdn.shopify.com/s/files/1/1593/2761/products/442d6c5f-3c3a-5c46-94a6-887b78d320b8.jpg?v=1613573012,https://cdn.shopify.com/s/files/1/1593/2761/products/4f6a23b3-96de-56ea-a40f-b3456d86997a.jpg?v=1613573014,https://cdn.shopify.com/s/files/1/1593/2761/products/ea4a4a18-116e-5f84-bc52-961e6b86dda0.jpg?v=1613573016,https://cdn.shopify.com/s/files/1/1593/2761/products/04d284d4-5edc-5f80-a838-d6a77e0e9a69_323cef47-40bb-431e-a03e-47148d484495.jpg?v=1613573018,https://cdn.shopify.com/s/files/1/1593/2761/products/292c0b41-6507-5b52-92e0-082840a089d0.jpg?v=1613573021"
"0";"GG23193-2-XX607";"160";"EUR";"Gucci";"Gucci Vintage Sterling Silver G Logo Pendant Unisex Necklace";"Classic unisex chain necklace by Gucci. Made in sterling silver. Rectangular G-shaped logo pendant. Lobster closure. Total length of the chain: 19 inches - 48,3 cm. Pendant height: 1.25 inch - 3,2 cm. 'Gucci - made in Italy' engraved on the pendant. '925' hallmark engraved on the pendant Condition A - EXCELLENT Gently used. Minimal surface scratches on pendant due to normal use. Please, look carefully at the photos and ask for any detail. Details MATERIAL: Sterling Silver COLOR: Silver MODEL: - GENDER: Unisex Adults COUNTRY OF MANUFACTURE: Italy METAL: Sterling Silver BASE METAL: Sterling Silver STYLE: Pendant PENDANT SHAPE: Rectangle MAIN STONE: - SECONDARY STONE: Not Applicable NECKLACE LENGTH: 19 inches - 48,3 cm MAIN STONE CREATION: Not Applicable MAIN STONE TREATMENT: Not Applicable LOCKET TYPE: - OCCASION: Casual CLOSURE: Lobster VINTAGE?: Yes YEAR MANUFACTURED: 1990-1999 BOX?: No SERIAL NUMBER: -";"JEWELRY";"Necklaces";"Sterling Silver";"Silver";"0.00";"Onesize";"";"";"";"";"";"";"";"";"Please read item description";"A - EXCELLENT";"https://cdn.shopify.com/s/files/1/1593/2761/products/23fd0ef0-bae3-5add-9370-a6dc95e26ffa.jpg?v=1615313517";"https://cdn.shopify.com/s/files/1/1593/2761/products/6e28e2ff-7b6e-5238-8d31-dae3344c8e5f.jpg?v=1615313519,https://cdn.shopify.com/s/files/1/1593/2761/products/31a22855-9e4b-5de1-8e9e-fb90d9a8f79e.jpg?v=1615313521,https://cdn.shopify.com/s/files/1/1593/2761/products/c68d6d2d-0b75-52e6-8e7d-9cb9aa3c9095.jpg?v=1615313523,https://cdn.shopify.com/s/files/1/1593/2761/products/bb7769d7-5736-550d-98a3-0c0a5f44df91.jpg?v=1615313526,https://cdn.shopify.com/s/files/1/1593/2761/products/1d679815-f303-5fbf-bdef-f69c9c0e5fc5.jpg?v=1615313528"
"0";"LV23946-XX612";"490";"EUR";"Louis Vuitton";"Louis Vuitton Vintage Black Epi Leather Saint Jacques PM Tote Bag";"Sophisticated 'Saint Jacques PM' Shoulder Bag by LOUIS VUITTON, crafted in Black EPI leather. The bag features a large main compartment with upper zipper closure. Grey microfiber internal lining with 1 side pocket inside. 'LOUIS VUITTON Paris - Made in France' embossed inside. Data code is VI0965 (engraved at the end of the zipper closure). Details MATERIAL: Leather COLOR: Black MODEL: Saint Jacques PM GENDER: Women COUNTRY OF MANUFACTURE: France SIZE: Medium STYLE: Tote FEATURES: Inner Pockets CLOSURE: Double Handles PATTERN: Solid PRODUCT LINE: Louis Vuitton Epi Saint Jacques LINING MATERIAL: Microfiber OCCASION: Everyday HANDLE STYLE: Double Handles YEAR MANUFACTURED: 1990-1999 DUSTBAG? Yes BOX? No KEYS? No Condition A - EXCELLENT Gently used. Minimal wear of use on the internal lining.. Please check the photos carefully and ask if you need to know more details or if you have any doubts. Measurements BAG HEIGHT: 12 inches - 30,5 cm BAG LENGTH: 17.5 inches - 44,5 cm BAG DEPTH: 6.5 inches -16,5 cm STRAP DROP: 10 inches -25,4 cm HANDLE DROP: 5 inches - 12,7 cm";"BAGS";"Totes";"Leather";"Black";"0.00";"M";"";"";"17.5";"12";"6.5";"BAG HEIGHT: 12 inches - 30,5 cm BAG LENGTH: 17.5 inches - 44,5 cm BAG DEPTH: 6.5 inches -16,5 cm STRAP DROP: 10 inches -25,4 cm HANDLE DROP: 5 inches - 12,7 cm";"";"";"Please read item description";"A - EXCELLENT";"https://cdn.shopify.com/s/files/1/1593/2761/products/da714c78-3c81-529e-802a-3a481a714b74.jpg?v=1618404463";"https://cdn.shopify.com/s/files/1/1593/2761/products/471d16fe-9771-52b2-aefc-94c5ac107863.jpg?v=1618404465,https://cdn.shopify.com/s/files/1/1593/2761/products/4f13806c-7891-5d21-b508-b03819e93ea9.jpg?v=1618404468,https://cdn.shopify.com/s/files/1/1593/2761/products/a4dff1ce-8a73-5615-becc-55b20e802f10.jpg?v=1618404470,https://cdn.shopify.com/s/files/1/1593/2761/products/0bb07bc3-2e2d-5519-9ede-e4c82e373b8b.jpg?v=1618404472,https://cdn.shopify.com/s/files/1/1593/2761/products/41679137-fa3a-58c4-8f96-08e0d4ba39e1.jpg?v=1618404475,https://cdn.shopify.com/s/files/1/1593/2761/products/7ee6f331-8c47-52be-8953-04a7fe7a3091.jpg?v=1618404476"
"0";"1-FER736656-FRG";"438";"EUR";"Salvatore Ferragamo";"Salvatore Ferragamo Leather Small Gancino Vela CC Mint Shoulder Bag";"Beautiful 'Vela CC' shoulder bag by Salvatore Ferragamo. Made of black calf leather. It features the Gancino logo detailing on the front in gold metal. Upper zipper closure. Adjustable leather shoulder strap. Canvas lining. 2 side open pockets inside. Made in Italy. Retail Price: 795 Euro. Details MATERIAL: Leather COLOR: Black MODEL: Vela CC O GENDER: Women COUNTRY OF MANUFACTURE: Italy SIZE: Small STYLE: Crossbody FEATURES: All Seasons CLOSURE: Zip PATTERN: Solid PRODUCT LINE: Ferragamo Vela LINING MATERIAL: Leather OCCASION: Casual HANDLE STYLE: Crossbody Strap YEAR MANUFACTURED: 2020 DUSTBAG? Yes BOX? Yes KEYS? No Condition A+ - MINT With Box and Tags. Measurements BAG HEIGHT: 6 inches - 15.24 cm BAG LENGTH: 8 inches - 20,3 cm BAG DEPTH: 3 inches - 7,6 cm STRAP DROP: 23.5 inches - 53.7 cm HANDLE DROP: -";"BAGS";"Crossbody Bags";"Leather";"Black";"795.00";"S";"";"";"8";"6";"3";"BAG HEIGHT: 6 inches - 15.24 cm BAG LENGTH: 8 inches - 20,3 cm BAG DEPTH: 3 inches - 7,6 cm STRAP DROP: 23.5 inches - 53.7 cm HANDLE DROP: -";"";"";"Please read item description";"A+ - MINT";"https://cdn.shopify.com/s/files/1/1593/2761/products/3468e5dc-b454-511e-b42d-5ce5b21756d9_54fa2827-61a6-47e0-8cd7-9f5fe5c64e9c.jpg?v=1613061236";"https://cdn.shopify.com/s/files/1/1593/2761/products/dbf8c5cc-b46c-5667-ac9b-a95ca1135a9f_408fdb12-12c2-4eae-ad33-693186bec0e1.jpg?v=1613061238,https://cdn.shopify.com/s/files/1/1593/2761/products/01971b5e-307d-50b8-8bb4-cd81468dc089_9f061520-1733-4985-8466-7b6012837ccf.jpg?v=1613061241,https://cdn.shopify.com/s/files/1/1593/2761/products/b89fd5e7-b415-57e0-9683-b33a77d4bcdc_3f495983-9952-495b-8a57-36c033a6d80e.jpg?v=1613061243,https://cdn.shopify.com/s/files/1/1593/2761/products/2df78329-a284-5130-ba90-7695bb51d27e_920d37a4-23da-4094-bd20-a6979be87055.jpg?v=1613061245,https://cdn.shopify.com/s/files/1/1593/2761/products/9b3667e6-5a32-5cbe-a0d2-ba31ac1a540e_ba06d074-bd65-47b7-8b50-e082a8b08e57.jpg?v=1613061247"
"3";"1-FER736997-FRG";"437";"EUR";"Salvatore Ferragamo";"Salvatore Ferragamo Leather Marta Mint Tote Bag Stitched Gancino Logo";"Beautiful shopper 'Marta O' bag by Salvatore Ferragamo. Made of textured pink leather. It features stitched logo detailing and gold metal logo plaque on the front, 4 protective feet, zip closure on top and and black fabric lining . 1 side open pocket inside. ,Double flat leather handles and long shoulder strap. Made in Italy. Retail Price: 795 Euro. Details MATERIAL: Leather COLOR: Pink MODEL: Marta O GENDER: Women COUNTRY OF MANUFACTURE: Italy SIZE: Medium STYLE: Tote FEATURES: All Seasons CLOSURE: Zip PATTERN: Solid PRODUCT LINE: Ferragamo Marta LINING MATERIAL: Leather OCCASION: Everyday HANDLE STYLE: Double Handles YEAR MANUFACTURED: 2020 DUSTBAG? Yes BOX? Yes KEYS? No Condition A+ - MINT With Box and Tags. Measurements BAG HEIGHT: 9 inches - 22.86 cm BAG LENGTH: 11 inches - 27.94 cm BAG DEPTH: 5 inches - 12.7 cm STRAP DROP: - HANDLE DROP: -";"BAGS";"Totes";"Leather";"Pink";"795.00";"M";"";"";"11";"9";"5";"BAG HEIGHT: 9 inches - 22.86 cm BAG LENGTH: 11 inches - 27.94 cm BAG DEPTH: 5 inches - 12.7 cm STRAP DROP: - HANDLE DROP: -";"";"";"Please read item description";"A+ - MINT";"https://cdn.shopify.com/s/files/1/1593/2761/products/21035ce4-d0cf-5282-9e69-85b1589938a0_cfbdb7a6-5135-43fb-9b98-8a7b3956b630.jpg?v=1613064621";"https://cdn.shopify.com/s/files/1/1593/2761/products/201e16a7-dced-56e0-9e50-fc4caa8be370_800d759a-c63f-4d8d-9e02-65df4029f4cb.jpg?v=1613064624,https://cdn.shopify.com/s/files/1/1593/2761/products/857b1205-4753-579c-8e90-253272dd681a_016e4d1e-40c0-41fb-ab3c-a0081af648fd.jpg?v=1613064626,https://cdn.shopify.com/s/files/1/1593/2761/products/69702b4c-c8f0-57f4-bfc5-bf097adcf1a0_6edae422-6dd8-4fd7-9603-9405994477da.jpg?v=1613064628,https://cdn.shopify.com/s/files/1/1593/2761/products/18da2154-e121-5a7f-8723-11472dc91acf_3ed4cd68-6688-4fb9-8a0a-4dc245ebf8be.jpg?v=1613064630,https://cdn.shopify.com/s/files/1/1593/2761/products/c752bf58-93d7-5127-90c0-4f7e4eb35e61_c87cc638-fbef-43f8-aecf-790b2750f3d1.jpg?v=1613064633"
"0";"GG23193-1-XX607";"160";"EUR";"Gucci";"Gucci Vintage Sterling Silver Bar Logo Tag Pendant Unisex Necklace";"Classic unisex chain necklace by Gucci. Made in sterling silver. Rectangular bar logo tag pendant. Lobster closure. Total length of the chain: 19 inches - 48,3 cm. Pendant height: 1.25 inch - 3,2 cm. 'Gucci - made in Italy' engraved on the pendant. '925' hallmark engraved on its reverse. Condition A - EXCELLENT Gently used. Minimal surface scratches on pendant due to normal use. Please, look carefully at the photos and ask for any detail. Details MATERIAL: Sterling Silver COLOR: Silver MODEL: - GENDER: Unisex Adults COUNTRY OF MANUFACTURE: Italy METAL: Sterling Silver BASE METAL: Sterling Silver STYLE: Pendant PENDANT SHAPE: Rectangle MAIN STONE: - SECONDARY STONE: Not Applicable NECKLACE LENGTH: 19 inches - 48,3 cm MAIN STONE CREATION: Not Applicable MAIN STONE TREATMENT: Not Applicable LOCKET TYPE: - OCCASION: Casual CLOSURE: Lobster VINTAGE?: Yes YEAR MANUFACTURED: 1990-1999 BOX?: No SERIAL NUMBER: -";"JEWELRY";"Necklaces";"Sterling Silver";"Silver";"0.00";"Onesize";"";"";"";"";"";"";"";"";"Please read item description";"A - EXCELLENT";"https://cdn.shopify.com/s/files/1/1593/2761/products/6c31b52a-201b-545d-a72d-909a4a0f7b29.jpg?v=1615311780";"https://cdn.shopify.com/s/files/1/1593/2761/products/179d8b45-b1c9-58d3-8c36-382aaef1a6c5.jpg?v=1615311782,https://cdn.shopify.com/s/files/1/1593/2761/products/9425d827-0dba-5dd2-a6e2-a893da5ccfcb.jpg?v=1615311785,https://cdn.shopify.com/s/files/1/1593/2761/products/9ec7541a-ef42-5084-9d7c-84e97c8afc37.jpg?v=1615311789"
"0";"GG27417-XX610";"150";"EUR";"Gucci";"Gucci Vintage Stainless Steel Mod 1900 L Bangle Wrist Watch Black Dial";"Gucci Mod. '1900 L' stainless steel wrist watch. Stainless steel square case. Black Dial. Sapphire crystal. Swiss Made. Quartz movement. Bangle bracelet. Gucci written on face, clasp and reverse. Water Resistant to 3atm. Will fit up to approx. 6 .5 inches - 16.5 cm Condition B - VERY GOOD The watch is in working condition.Minimal surface scratches around the bezel and on the bracelet. Please check the photos carefully and ask if you need to know more details or if you have any doubts. Details MATERIAL: Stainless steel COLOR: Silver MODEL: 1900 L GENDER: Women COUNTRY OF MANUFACTURE: Switzerland TYPE: Wristwatch STYLE: Classic FEATURES: Swiss Made MOVEMENT: Quartz OCCASION: Everyday VINTAGE?: Yes YEAR MANUFACTURED: 1990-1999 BOX?: No DIAL COLOR: White WATER RESISTANCE:30 m (3 ATM) DIAL STYLE: 12-Hour Dial BAND TYPE: Bracelet SERIAL NUMBER: - HANDEDNESS: Both Hands BAND WIDTH:4 mm BAND MATERIAL:Stainless Steel CASE COLOR:Silver DISPLAY:Analog CASE SIZE:19 mm";"JEWELRY";"Watches";"Steel";"Silver";"0.00";"Onesize";"";"";"";"";"";"";"";"";"Please read item description";"B - VERY GOOD";"https://cdn.shopify.com/s/files/1/1593/2761/products/a9b38dae-9858-5dfa-9ab6-f9a8668297eb.jpg?v=1617289442";"https://cdn.shopify.com/s/files/1/1593/2761/products/77e99e95-ba29-5b45-b021-1426d076da0c.jpg?v=1617289445,https://cdn.shopify.com/s/files/1/1593/2761/products/8783ab86-28dd-573b-a35a-6d58b4f459e6.jpg?v=1617289447,https://cdn.shopify.com/s/files/1/1593/2761/products/edb151d3-1113-5bd8-98db-e6d0f612b763.jpg?v=1617289450"
"0";"9C42BA26-XX";"55";"EUR";"Helmut Lang";"Helmut Lang Brown Leather Suede Fringed Belt";"Helmut Lang brown suede Fringed Belt - Buckle closure- 5-hole adjustment - Fringes length: 4 inches - 10.2 cm - Total length (buckle included):43 1/4 inches - 119,8 cm. Made in Italy. Details MATERIAL: Suede COLOR: Brown MODEL: - GENDER: Women COUNTRY OF MANUFACTURE: Italy TYPE: Belt STYLE: Waist Belt BELT WIDTH: Normal PATTERN: Solid SIZE TYPE: Regular FEATURES: All Seasons HARDWARE MATERIAL: Metal YEAR MANUFACTURED: 2000-2009 WAIST SIZE: - VINTAGE?: No OCCASION: Casual DUSTBAG? No, we will provide an organic cotton dustbag Condition A - EXCELLENT Gently used. Please check the photos carefully and ask if you need to know more details or if you have any doubts. Measurements BELT WIDTH: Normal BELT LENGTH: 43 inches - 109.22 cm";"ACCESSORIES";"Belts";"Suede";"Brown";"0.00";"Onesize";"";"";"";"";"";"BELT WIDTH: Normal BELT LENGTH: 43 inches - 109.22 cm";"";"";"Please read item description";"A - EXCELLENT";"https://cdn.shopify.com/s/files/1/1593/2761/products/41e8883a-5c1f-568d-bf67-4cc72de1a027.jpg?v=1618824044";"https://cdn.shopify.com/s/files/1/1593/2761/products/6819a2b5-fc13-5a42-a31e-93353706a89d.jpg?v=1618824046,https://cdn.shopify.com/s/files/1/1593/2761/products/123c8ea6-5a41-5d69-89dd-ec1e5a6d9cc2.jpg?v=1618824048"
"0";"DRSDE1023827-XX";"169";"EUR";"Montblanc";"Montblanc Mint Women Purple Sunglasses MB471S 5671T 56-17-145 mm";"Details MATERIAL: Acetate COLOR: Purple MODEL: MB471S 5671T GENDER: Women COUNTRY OF MANUFACTURE: Italy TYPE: Sunglasses ORIGINAL CASE?: Yes STYLE: Butterfly OCCASION: Casual FEATURES: Lightweight LENS COLOR: Purple LENS TECHNOLOGY: Gradient YEAR MANUFACTURED: 2010-2019 VINTAGE?: No Condition A+ - MINT Measurements EYEWEAR MAX WIDTH:145 mm TEMPLE MAX. LENGTH:135 mm EYE / LENS MAX. WIDTH:56 mm EYE / LENS MAX. HEIGHT:46 mm BRIDGE MID. WIDTH:17 mm";"ACCESSORIES";"Sunglasses";"Acetate";"Purple";"300.00";"Onesize";"";"";"";"";"";"EYEWEAR MAX WIDTH:145 mm TEMPLE MAX. LENGTH:135 mm EYE / LENS MAX. WIDTH:56 mm EYE / LENS MAX. HEIGHT:46 mm BRIDGE MID. WIDTH:17 mm";"";"";"Please read item description";"A+ - MINT";"https://cdn.shopify.com/s/files/1/1593/2761/products/f59fb98cfc526565a7ded37e0f1fab779ad463738.png?v=1613463913";"https://cdn.shopify.com/s/files/1/1593/2761/products/f30a13487c6fa6724ec54d8a4dbe39d0e18772c72.png?v=1613463913,https://cdn.shopify.com/s/files/1/1593/2761/products/fa8cc868a5e5318a3815144bb4138651907dea54f.png?v=1613463913,https://cdn.shopify.com/s/files/1/1593/2761/products/fc068b2d4d978a25c909c2f7156da513466b32426.jpg?v=1613463913,https://cdn.shopify.com/s/files/1/1593/2761/products/664689601974_01.png?v=1618836969,https://cdn.shopify.com/s/files/1/1593/2761/products/664689601974_00.png?v=1618836969,https://cdn.shopify.com/s/files/1/1593/2761/products/664689601974_02.png?v=1618836969,https://cdn.shopify.com/s/files/1/1593/2761/products/664689601974_03.jpg?v=1618836969"
"0";"PERSOL2758S-XX";"145";"EUR";"Persol";"Persol Vintage Mint Grey Rectangle Sunglasses 2758-S 59/16 135 mm";"PERSOL Vintage Sunglasses- Model: 2758-S. Grey acetate rectangle frame, with original Persol blue gradient lenses. Flexible temples. 100% UV protection. Made in Italy. Style & Refs:2758-S - 59/16- 603/X1 - 135 Details MATERIAL: Acetate COLOR: Grey MODEL: 2758-S GENDER: Women COUNTRY OF MANUFACTURE: Italy TYPE: Sunglasses ORIGINAL CASE?: No, we will provide a generic case STYLE: Rectangle OCCASION: Everyday FEATURES: Lightweight LENS COLOR: Blue LENS TECHNOLOGY: Gradient YEAR MANUFACTURED: 1990-1999 VINTAGE?: Yes Condition A+ - MINT NEW OLD STOCK - Never worn or used Measurements EYEWEAR MAX WIDTH:140 mm TEMPLE MAX. LENGTH: 135 mm EYE / LENS MAX. WIDTH: 59 mm EYE / LENS MAX. HEIGHT: 35 mm BRIDGE MID. WIDTH: 16 mm";"ACCESSORIES";"Sunglasses";"Acetate";"Beige";"0.00";"Onesize";"";"";"";"";"";"EYEWEAR MAX WIDTH:140 mm TEMPLE MAX. LENGTH: 135 mm EYE / LENS MAX. WIDTH: 59 mm EYE / LENS MAX. HEIGHT: 35 mm BRIDGE MID. WIDTH: 16 mm";"";"";"Please read item description";"A+ - MINT";"https://cdn.shopify.com/s/files/1/1593/2761/products/8455a9e3-f638-531e-8ea5-dedca5b6c236.jpg?v=1617799824";"https://cdn.shopify.com/s/files/1/1593/2761/products/81316351-9fa6-539a-9429-d39a1393b5fe.jpg?v=1617799826,https://cdn.shopify.com/s/files/1/1593/2761/products/87c8b7b1-bea0-5afa-a215-ebf64551fac1.jpg?v=1617799828,https://cdn.shopify.com/s/files/1/1593/2761/products/1368d947-759e-5514-a1aa-2eb027d38248.jpg?v=1617799830,https://cdn.shopify.com/s/files/1/1593/2761/products/f5e6b59b-d918-5284-a425-baca72ca8f46.jpg?v=1617799833,https://cdn.shopify.com/s/files/1/1593/2761/products/29248126-64ec-5c1f-9b61-3d6b5b320f9f.jpg?v=1617799835"
"0";"KILSGAARD3333-XX";"85";"EUR";"Kilsgaard";"Kilsgaard by Bonnelycke Mdd Red Sunglasses Model 33 53/16 145 mm";"Elegant sunglasses by Kilsgaard, model 33 3/3. Half-rim red rectangular frame. Metal front and acetate ear stems. Designed in Denmark by Bonnelycke, Adjustable nose pads. Gradient grey 100% UV protection lenses. Made in Italy. Style and Refs: 33 3/3 - 53/16 - 145 Details MATERIAL: Acetate COLOR: Red MODEL: model 33 3/3 GENDER: Unisex Adults COUNTRY OF MANUFACTURE: Italy TYPE: Sunglasses ORIGINAL CASE?: No STYLE: Rectangle OCCASION: Everyday FEATURES: Lightweight LENS COLOR: Grey LENS TECHNOLOGY: Gradient YEAR MANUFACTURED: 2010-2019 VINTAGE?: No Condition A+ - MINT They will come with a GENERIC Case Measurements EYEWEAR MAX WIDTH:140 mm TEMPLE MAX. LENGTH: 145 mm EYE / LENS MAX. WIDTH: 53 mm EYE / LENS MAX. HEIGHT: 36 mm BRIDGE MID. WIDTH: 16 mm";"ACCESSORIES";"Sunglasses";"Acetate";"Beige";"0.00";"Onesize";"";"";"";"";"";"EYEWEAR MAX WIDTH:140 mm TEMPLE MAX. LENGTH: 145 mm EYE / LENS MAX. WIDTH: 53 mm EYE / LENS MAX. HEIGHT: 36 mm BRIDGE MID. WIDTH: 16 mm";"";"";"Please read item description";"A+ - MINT";"https://cdn.shopify.com/s/files/1/1593/2761/products/d651e5f5-cc78-579f-adf3-09f9e76934c5.jpg?v=1617891713";"https://cdn.shopify.com/s/files/1/1593/2761/products/09837b0b-2028-598e-9fa0-3468b69cf9e7.jpg?v=1617891715,https://cdn.shopify.com/s/files/1/1593/2761/products/8373530d-6d0b-5c13-b55f-9bf44d113afb.jpg?v=1617891717,https://cdn.shopify.com/s/files/1/1593/2761/products/f45ed3d6-cd8b-5eaf-b1d1-8d244dfdc90b.jpg?v=1617891720,https://cdn.shopify.com/s/files/1/1593/2761/products/dfde5eea-aab6-5af7-9087-b3dd024b1cb5.jpg?v=1617891722"
"1";"GG21029-XX612";"460";"EUR";"Gucci";"Gucci Sync Red Stainless Steel 137.1 Xxl Watch with Rubber Band";"Gucci Sync XXL Unisex Watch, mod. 137.1, in red color. Stainless steel and nylon case (46 mm). Red dial with GG - GUCCI logo. Date at 3 o'clock. Sapphire crystal. Swiss Made Quartz movement. Gucci written on face. Gucci logo on the reverse of the case. Water Resistant to 5atm. Rubber wrist strap with green/red/green stripes. Buckle closure. Adjustable strap from 16.1 cm to 20 cm Condition A - EXCELLENT The watch is in working condition. Minimal darkness on the reverse of the wristband. Light surface scratches on the reverse of the case. Gucci box is not included. Please check the photos carefully and ask if you need to know more details or if you have any doubts. Details MATERIAL: Stainless Steel COLOR: Red MODEL: Gucci Sync 137.1 Xxl GENDER: Unisex Adults COUNTRY OF MANUFACTURE: Switzerland TYPE: Wristwatch STYLE: Casual FEATURES: Swiss Made MOVEMENT: Quartz OCCASION: Everyday VINTAGE?: No YEAR MANUFACTURED: 2010-2019 BOX?: No DIAL COLOR: Red WATER RESISTANCE:50 m (5 ATM) DIAL STYLE: 12-Hour Dial BAND TYPE: Bracelet SERIAL NUMBER: 18023579 HANDEDNESS: Both Hands BAND WIDTH:23 mm BAND MATERIAL:Rubber CASE COLOR:Silver DISPLAY:Analog CASE SIZE:46 mm";"JEWELRY";"Watches";"Steel";"Red";"0.00";"Onesize";"";"";"";"";"";"";"";"";"Please read item description";"A - EXCELLENT";"https://cdn.shopify.com/s/files/1/1593/2761/products/26e6e2af-eb1e-50dc-b6fe-8854ab19a258.jpg?v=1618583744";"https://cdn.shopify.com/s/files/1/1593/2761/products/6f6a9056-bbe2-51bf-a948-ba682dfe0ffd.jpg?v=1618583746,https://cdn.shopify.com/s/files/1/1593/2761/products/a14123b5-bef1-5946-b32c-9ea95169ffa2.jpg?v=1618583748,https://cdn.shopify.com/s/files/1/1593/2761/products/b6c98078-efda-5b46-bc29-15bc8da6c881.jpg?v=1618583751"
"1";"H23447-XX612";"240";"EUR";"Hermes";"Hermes Paris Vintage Red Fourre Tout Vertical Shopping Bag Tote";"Model: 'HERMES Vertical FOURRE TOUT ' Shopping Bag. Made in France. Red color with Blue stripes. Material: 100% cotton. Durable canvas handles, perfect for casual and everyday use. Open top. 3 open pockets on the front. Canvas internal lining. 1 open pocket inside. Details MATERIAL: Cotton COLOR: Red MODEL: Fourre Tout Vertical GENDER: Unisex Adults COUNTRY OF MANUFACTURE: France SIZE: Medium STYLE: Tote FEATURES: Lightweight CLOSURE: Open PATTERN: Solid PRODUCT LINE: Hermes Fourre Tout LINING MATERIAL: Cotton OCCASION: Everyday HANDLE STYLE: Double Handles YEAR MANUFACTURED: 1990-1999 DUSTBAG? No, we will provide an organic cotton dustbag BOX? No KEYS? No Condition A - EXCELLENT Gently used. Some normal wear of use on bottom corners. Light faded parts on canvas. Please check the photos carefully and ask if you need to know more details or if you have any doubts. Measurements BAG HEIGHT: 14 inches - 35.56 cm BAG LENGTH: 13 inches - 33.02 cm BAG DEPTH: 3 inches - 7.62 cm STRAP DROP: - HANDLE DROP: 4.5 inches - 11.43 cm";"BAGS";"Totes";"Cotton";"Red";"0.00";"M";"";"";"13";"14";"3";"BAG HEIGHT: 14 inches - 35.56 cm BAG LENGTH: 13 inches - 33.02 cm BAG DEPTH: 3 inches - 7.62 cm STRAP DROP: - HANDLE DROP: 4.5 inches - 11.43 cm";"";"";"Please read item description";"A - EXCELLENT";"https://cdn.shopify.com/s/files/1/1593/2761/products/2fd947b2-1631-518d-a09b-78c3d50ae60a.jpg?v=1618913046";"https://cdn.shopify.com/s/files/1/1593/2761/products/088b6e40-793f-5207-9b6f-4510b4e046e5.jpg?v=1618913048,https://cdn.shopify.com/s/files/1/1593/2761/products/73a0df53-fb22-571c-afdf-660cc1ea6ba0.jpg?v=1618913050,https://cdn.shopify.com/s/files/1/1593/2761/products/d18b077f-3522-5422-a919-e339568e8ea8.jpg?v=1618913052,https://cdn.shopify.com/s/files/1/1593/2761/products/d633517f-46a8-54ca-a99d-3b4d0795da18.jpg?v=1618913054,https://cdn.shopify.com/s/files/1/1593/2761/products/2c2a2d43-21f2-5026-a257-1059ed85013b.jpg?v=1618913056"
"1";"H22711-XX612";"265";"EUR";"Hermes";"Hermes Paris Vintage Blue Cotton Fourre Tout PM Tote Bag";"Model: 'HERMES FOURRE TOUT - PM' Tote handbag. Made in France. Blue color with brown stripes. Material: 100% cotton. It has snaps on both ends for expansion. Durable canvas handles, perfect for casual and everyday use. Open top with middle snap closure (button). Canvas internal lining. 1 zip pocket inside with leather zipper pull Details MATERIAL: Cotton COLOR: Blue MODEL: Fourre Tout PM GENDER: Women COUNTRY OF MANUFACTURE: France SIZE: Small STYLE: Tote FEATURES: Lightweight CLOSURE: Button PATTERN: Solid PRODUCT LINE: Hermes Fourre Tout LINING MATERIAL: Cotton OCCASION: Everyday HANDLE STYLE: Double Handles YEAR MANUFACTURED: 1990-1999 DUSTBAG? No, we will provide an organic cotton dustbag BOX? No KEYS? No Condition A - EXCELLENT Gently used. Light fading on canvas due to normal use. Please check the photos carefully and ask if you need to know more details or if you have any doubts. Measurements BAG HEIGHT: 9 inches - 22.86 cm BAG LENGTH: 12 inches - 30.48 cm BAG DEPTH: 3 inches - 7.62 cm STRAP DROP: - HANDLE DROP: 3.5 inches - 8.89 cm";"BAGS";"Totes";"Cotton";"Blue";"0.00";"S";"";"";"12";"9";"3";"BAG HEIGHT: 9 inches - 22.86 cm BAG LENGTH: 12 inches - 30.48 cm BAG DEPTH: 3 inches - 7.62 cm STRAP DROP: - HANDLE DROP: 3.5 inches - 8.89 cm";"";"";"Please read item description";"A - EXCELLENT";"https://cdn.shopify.com/s/files/1/1593/2761/products/cb161abe-7959-52a3-8bf9-dd9964452f71.jpg?v=1618916394";"https://cdn.shopify.com/s/files/1/1593/2761/products/bb77f84d-a0d7-502f-960b-9bd86620ab5c.jpg?v=1618916396,https://cdn.shopify.com/s/files/1/1593/2761/products/ad8eec53-55c7-5173-858a-f2324468e955.jpg?v=1618916399,https://cdn.shopify.com/s/files/1/1593/2761/products/72d85444-d9aa-5a4c-af26-4d4db638a703.jpg?v=1618916401,https://cdn.shopify.com/s/files/1/1593/2761/products/74bb479b-c3c6-5c2a-83f6-f9d0334e9e13.jpg?v=1618916404,https://cdn.shopify.com/s/files/1/1593/2761/products/1b1c6b6d-8bc7-56c5-b713-55286a6f2543.jpg?v=1618916406"
"1";"H24559-XX612";"260";"EUR";"Hermes";"Hermes Paris Vintage Blue Cotton Canvas Fourre Tout MM Tote";"'HERMES FOURRE TOUT - MM' - Tote handbag. Made in France. Navy Blue color with brown stripes. Material: 100% cotton. It has snaps on both ends for expansion. Durable canvas handles, perfect for casual and everyday use. 3 open pockets on the front and 3 open pockets on the back. Open top with middle snap closure (button). Canvas internal lining. 1 zip pocket inside with leather zipper pull. Made in France. Details MATERIAL: Cotton COLOR: Blue MODEL: Fourre Tout MM GENDER: Women COUNTRY OF MANUFACTURE: France SIZE: Medium STYLE: Tote FEATURES: Lightweight CLOSURE: Button PATTERN: Solid PRODUCT LINE: Hermes Fourre Tout LINING MATERIAL: Cotton OCCASION: Everyday HANDLE STYLE: Double Handles YEAR MANUFACTURED: 1990-1999 DUSTBAG? No, we will provide an organic cotton dustbag BOX? No KEYS? No Condition A - EXCELLENT Gently used. Some normal wear of use on bottom corners. Please check the photos carefully and ask if you need to know more details or if you have any doubts. Measurements BAG HEIGHT: 12 inches - 30.48 cm BAG LENGTH: 17 inches - 43.18 cm BAG DEPTH: 4 inches - 10.16 cm STRAP DROP: - HANDLE DROP: 3.5 inches - 8.89 cm";"BAGS";"Totes";"Cotton";"Blue";"0.00";"Onesize";"";"";"17";"12";"4";"BAG HEIGHT: 12 inches - 30.48 cm BAG LENGTH: 17 inches - 43.18 cm BAG DEPTH: 4 inches - 10.16 cm STRAP DROP: - HANDLE DROP: 3.5 inches - 8.89 cm";"";"";"Please read item description";"A - EXCELLENT";"https://cdn.shopify.com/s/files/1/1593/2761/products/454e742d-03ec-5839-b7ef-00efe9efc472_ce260331-e416-4bc2-b02f-c7e96a5237e9.jpg?v=1618919939";"https://cdn.shopify.com/s/files/1/1593/2761/products/42b2c6b5-bfb3-540e-8649-c315673cdcc4_7bc58e1d-5c08-4eff-b787-8a797ef2faaa.jpg?v=1618919941,https://cdn.shopify.com/s/files/1/1593/2761/products/11ded967-43d1-54a7-b736-9fbfdcc036c3_32da1dfd-06db-489d-aed2-062446c707ca.jpg?v=1618919943,https://cdn.shopify.com/s/files/1/1593/2761/products/92219b57-9443-532a-9193-b6390c7cd9ed_00c98faf-ea51-4853-9c11-ebcbc5b4f01d.jpg?v=1618919945,https://cdn.shopify.com/s/files/1/1593/2761/products/ad6d2a52-74e4-5333-ae94-f6bc523085df_49406925-2c33-4525-bc5c-e9d9cba84742.jpg?v=1618919947"
"0";"DRSDE1017516-XX";"140";"EUR";"Roberto Cavalli";"Roberto Cavalli Mint Women Blue Sunglasses RC1068 4892W 48-25-138 mm";"Details MATERIAL: Acetate COLOR: Blue MODEL: RC1068 4892W GENDER: Women COUNTRY OF MANUFACTURE: Italy TYPE: Sunglasses ORIGINAL CASE?: Yes STYLE: Butterfly OCCASION: Casual FEATURES: Lightweight LENS COLOR: Blue LENS TECHNOLOGY: Gradient YEAR MANUFACTURED: 2010-2019 VINTAGE?: No Condition A+ - MINT Measurements EYEWEAR MAX WIDTH:138 mm TEMPLE MAX. LENGTH:140 mm EYE / LENS MAX. WIDTH:48 mm EYE / LENS MAX. HEIGHT:42 mm BRIDGE MID. WIDTH:25 mm";"ACCESSORIES";"Sunglasses";"Acetate";"Blue";"220.00";"Onesize";"";"";"";"";"";"EYEWEAR MAX WIDTH:138 mm TEMPLE MAX. LENGTH:140 mm EYE / LENS MAX. WIDTH:48 mm EYE / LENS MAX. HEIGHT:42 mm BRIDGE MID. WIDTH:25 mm";"";"";"Please read item description";"A+ - MINT";"https://cdn.shopify.com/s/files/1/1593/2761/products/f8a97d01f08b99fbbbb3ad319d9e7e24c316a171f.jpg?v=1613451434";"https://cdn.shopify.com/s/files/1/1593/2761/products/fc446d593430118779e63ca30cf4b1be1dfa9b316.jpg?v=1613451435,https://cdn.shopify.com/s/files/1/1593/2761/products/f5a4c969d747e0bb2cfce3f30252c586f07fd9ee5.jpg?v=1613451435,https://cdn.shopify.com/s/files/1/1593/2761/products/f04d80d7fe3315b2dc59570e634d7d36af82c9f28.jpg?v=1613451435,https://cdn.shopify.com/s/files/1/1593/2761/products/664689915538_01.jpg?v=1618923881,https://cdn.shopify.com/s/files/1/1593/2761/products/664689915538_00.jpg?v=1618923881,https://cdn.shopify.com/s/files/1/1593/2761/products/664689915538_02.jpg?v=1618923881,https://cdn.shopify.com/s/files/1/1593/2761/products/664689915538_03.jpg?v=1618923881"
"2";"DRSDE1012620-XX";"112";"EUR";"Ermenegildo Zegna";"Ermenegildo Zegna Mint Unisex Blue Sunglasses EZ0020 5491B 54-16-140 mm";"Details MATERIAL: Acetate COLOR: Blue MODEL: EZ0020 5491B GENDER: Adult Unisex COUNTRY OF MANUFACTURE: Italy TYPE: Sunglasses ORIGINAL CASE?: Yes STYLE: Trapezium OCCASION: Casual FEATURES: Lightweight LENS COLOR: Blue LENS TECHNOLOGY: Gradient YEAR MANUFACTURED: 2010-2019 VINTAGE?: No Condition A+ - MINT Measurements EYEWEAR MAX WIDTH:140 mm TEMPLE MAX. LENGTH:145 mm EYE / LENS MAX. WIDTH:54 mm EYE / LENS MAX. HEIGHT:41 mm BRIDGE MID. WIDTH:16 mm";"ACCESSORIES";"Sunglasses";"Acetate";"Blue";"210.00";"Onesize";"";"";"";"";"";"EYEWEAR MAX WIDTH:140 mm TEMPLE MAX. LENGTH:145 mm EYE / LENS MAX. WIDTH:54 mm EYE / LENS MAX. HEIGHT:41 mm BRIDGE MID. WIDTH:16 mm";"";"";"Please read item description";"A+ - MINT";"https://cdn.shopify.com/s/files/1/1593/2761/products/f6ef4b140b77db4551850fc477529b4f3a820eccf.jpg?v=1613453808";"https://cdn.shopify.com/s/files/1/1593/2761/products/f04e62a514a9dab5ee5d9a54d6fb1e764b2852900.jpg?v=1613453809,https://cdn.shopify.com/s/files/1/1593/2761/products/f506f0ac6d441422ae2b93393549b519bcc923b32.jpg?v=1613453809,https://cdn.shopify.com/s/files/1/1593/2761/products/f6848576aa012dd1147c67e021493dd13693d1276.jpg?v=1616504109,https://cdn.shopify.com/s/files/1/1593/2761/products/fb6c8b30f3c3dea5307d1005fcfd0b7ac863bbfa4.jpg?v=1616504109,https://cdn.shopify.com/s/files/1/1593/2761/products/f2a23ee9a57007a51ab2515dee08970e131aa215d.jpg?v=1616504109,https://cdn.shopify.com/s/files/1/1593/2761/products/664689720361_01.jpg?v=1618663373,https://cdn.shopify.com/s/files/1/1593/2761/products/664689720361_00.jpg?v=1618663373,https://cdn.shopify.com/s/files/1/1593/2761/products/664689720361_02.jpg?v=1618663373"
"0";"DRSDE1025870-XX";"140";"EUR";"Roberto Cavalli";"Roberto Cavalli Mint Women Blue Sunglasses RC1080 5390X 53-17-141 mm";"Details MATERIAL: Acetate COLOR: Blue MODEL: RC1080 5390X GENDER: Women COUNTRY OF MANUFACTURE: Italy TYPE: Sunglasses ORIGINAL CASE?: Yes STYLE: Butterfly OCCASION: Casual FEATURES: Lightweight LENS COLOR: Blue LENS TECHNOLOGY: Mirrored YEAR MANUFACTURED: 2010-2019 VINTAGE?: No Condition A+ - MINT Measurements EYEWEAR MAX WIDTH:141 mm TEMPLE MAX. LENGTH:135 mm EYE / LENS MAX. WIDTH:53 mm EYE / LENS MAX. HEIGHT:46 mm BRIDGE MID. WIDTH:17 mm";"ACCESSORIES";"Sunglasses";"Acetate";"Blue";"240.00";"Onesize";"";"";"";"";"";"EYEWEAR MAX WIDTH:141 mm TEMPLE MAX. LENGTH:135 mm EYE / LENS MAX. WIDTH:53 mm EYE / LENS MAX. HEIGHT:46 mm BRIDGE MID. WIDTH:17 mm";"";"";"Please read item description";"A+ - MINT";"https://cdn.shopify.com/s/files/1/1593/2761/products/f60397d4928b78f2289db0453bae2327c2130c3ab.png?v=1613456977";"https://cdn.shopify.com/s/files/1/1593/2761/products/f7b7010e0b694a326f6b35c65636e37599c25cbde.png?v=1613456977,https://cdn.shopify.com/s/files/1/1593/2761/products/fe8d379d50fe1230d1b3dc99aa70c6f7e1adabf67.png?v=1613456977,https://cdn.shopify.com/s/files/1/1593/2761/products/ff9de18b7a5b4e0b98b9c18262492ec98f8196706.jpg?v=1613456977,https://cdn.shopify.com/s/files/1/1593/2761/products/664689946280_01.png?v=1618924139,https://cdn.shopify.com/s/files/1/1593/2761/products/664689946280_00.png?v=1618924139,https://cdn.shopify.com/s/files/1/1593/2761/products/664689946280_02.png?v=1618924139,https://cdn.shopify.com/s/files/1/1593/2761/products/664689946280_03.jpg?v=1618924139"
"0";"DRSDE1028181-XX";"140";"EUR";"Roberto Cavalli";"Roberto Cavalli Mint Unisex Black Sunglasses RC1120 0016A 90-15-140 mm";"Details MATERIAL: Metal COLOR: Black MODEL: RC1120 0016A GENDER: Adult Unisex COUNTRY OF MANUFACTURE: Italy TYPE: Sunglasses ORIGINAL CASE?: Yes STYLE: Mono Lens OCCASION: Casual FEATURES: Lightweight LENS COLOR: Grey LENS TECHNOLOGY: No Extra YEAR MANUFACTURED: 2010-2019 VINTAGE?: No Condition A+ - MINT Measurements EYEWEAR MAX WIDTH:140 mm TEMPLE MAX. LENGTH:115 mm EYE / LENS MAX. WIDTH:90 mm EYE / LENS MAX. HEIGHT:45 mm BRIDGE MID. WIDTH:15 mm";"ACCESSORIES";"Sunglasses";"Metal";"Black";"280.00";"Onesize";"";"";"";"";"";"EYEWEAR MAX WIDTH:140 mm TEMPLE MAX. LENGTH:115 mm EYE / LENS MAX. WIDTH:90 mm EYE / LENS MAX. HEIGHT:45 mm BRIDGE MID. WIDTH:15 mm";"";"";"Please read item description";"A+ - MINT";"https://cdn.shopify.com/s/files/1/1593/2761/products/f6caacbb5d0eaacd760ad5fd0f03b3f859ceffc28.png?v=1613459793";"https://cdn.shopify.com/s/files/1/1593/2761/products/fdad63156f29802b4394557ff8b9f72c59c65c88f.png?v=1613459793,https://cdn.shopify.com/s/files/1/1593/2761/products/f2ef30738d96cfbed2ba9b1e90ee1d2deb6ff7c1b.png?v=1613459793,https://cdn.shopify.com/s/files/1/1593/2761/products/f41e3a958a320fc0854dd8050f900249f48b2b656.jpg?v=1613459793,https://cdn.shopify.com/s/files/1/1593/2761/products/f673e7307c8fb25b350c5ccf5938705c1ada05d2f.png?v=1616503886,https://cdn.shopify.com/s/files/1/1593/2761/products/fa64bb62877e3760a1fa4bfc26d179cc38b7d8307.png?v=1616503886,https://cdn.shopify.com/s/files/1/1593/2761/products/f3403e36aac3cb56f293a3665240cb9c97090ac9f.png?v=1616503886,https://cdn.shopify.com/s/files/1/1593/2761/products/f934641ff1ab68798bf9820cf3a3fab8d348aaa4e.jpg?v=1616503886,https://cdn.shopify.com/s/files/1/1593/2761/products/889214069900_01.png?v=1618924356,https://cdn.shopify.com/s/files/1/1593/2761/products/889214069900_00.png?v=1618924356,https://cdn.shopify.com/s/files/1/1593/2761/products/889214069900_02.png?v=1618924356,https://cdn.shopify.com/s/files/1/1593/2761/products/889214069900_03.jpg?v=1618924356"
"0";"DRSDE1005411-XX";"73";"EUR";"Just Cavalli";"Just Cavalli Mint Unisex Black Sunglasses JC641S 5301X 53-16-135 mm";"Details MATERIAL: Acetate COLOR: Black MODEL: JC641S 5301X GENDER: Adult Unisex COUNTRY OF MANUFACTURE: China TYPE: Sunglasses ORIGINAL CASE?: Yes STYLE: Trapezium OCCASION: Casual FEATURES: Lightweight LENS COLOR: Blue LENS TECHNOLOGY: Mirrored YEAR MANUFACTURED: 2010-2019 VINTAGE?: No Condition A+ - MINT Measurements EYEWEAR MAX WIDTH:135 mm TEMPLE MAX. LENGTH:145 mm EYE / LENS MAX. WIDTH:53 mm EYE / LENS MAX. HEIGHT:41 mm BRIDGE MID. WIDTH:16 mm";"ACCESSORIES";"Sunglasses";"Acetate";"Black";"135.00";"Onesize";"";"";"";"";"";"EYEWEAR MAX WIDTH:135 mm TEMPLE MAX. LENGTH:145 mm EYE / LENS MAX. WIDTH:53 mm EYE / LENS MAX. HEIGHT:41 mm BRIDGE MID. WIDTH:16 mm";"";"";"Please read item description";"A+ - MINT";"https://cdn.shopify.com/s/files/1/1593/2761/products/fb174c523091e9292e4bf94fe0218f97a11cdc43f.jpg?v=1615008168";"https://cdn.shopify.com/s/files/1/1593/2761/products/fccfead8e4c425ee7e31b8c810c78f796bd682a14.jpg?v=1615008168,https://cdn.shopify.com/s/files/1/1593/2761/products/f6812328f8af032b3f90c8f2077efe93933550b44.jpg?v=1615008168,https://cdn.shopify.com/s/files/1/1593/2761/products/664689643899_01.jpg?v=1618923286,https://cdn.shopify.com/s/files/1/1593/2761/products/664689643899_00.jpg?v=1618923286,https://cdn.shopify.com/s/files/1/1593/2761/products/664689643899_02.jpg?v=1618923286"
"1";"GG225017-XX612";"135";"EUR";"Gucci";"Gucci Stainless Steel Ladies Mod 6800 L Wrist Watch Quartz";"Gucci stainless steel ladies wrist watch. Model 6800 L. Stainless steel case. Quartz movement. Water Resistant (up to 3 ATM). White dial with monogram pattern. Swiss Made. Gucci written on face, clasp & reverse. White leather bangle bracelet strap. Folding clap closure. Will fit up to approx. 6 inches - 15.2 cm wrist Condition B - VERY GOOD The watch is in working condition. Some surface scratches on stainless steel. Gucci box is included. Please check the photos carefully and ask if you need to know more details or if you have any doubts. Details MATERIAL: Stainless Steel COLOR: Silver MODEL: 6800 L GENDER: Women COUNTRY OF MANUFACTURE: Switzerland TYPE: Wristwatch STYLE: Classic FEATURES: Swiss Made MOVEMENT: Quartz OCCASION: Everyday VINTAGE?: No YEAR MANUFACTURED: 2000-2009 BOX?: Yes DIAL COLOR: White WATER RESISTANCE:30 m (3 ATM) DIAL STYLE: 12-Hour Dial BAND TYPE: Two-Piece Strap SERIAL NUMBER: - HANDEDNESS: Both Hands BAND WIDTH:5 mm BAND MATERIAL:Stainless Steel CASE COLOR:Silver DISPLAY:Analog CASE SIZE:15 mm";"JEWELRY";"Watches";"Steel";"Silver";"0.00";"Onesize";"";"";"";"";"";"";"";"";"Please read item description";"B - VERY GOOD";"https://cdn.shopify.com/s/files/1/1593/2761/products/81da6c17-4633-508d-97c7-b9c1827917e1.jpg?v=1618923777";"https://cdn.shopify.com/s/files/1/1593/2761/products/6e3d4c51-423e-5482-9657-96f95e569cf1.jpg?v=1618923779,https://cdn.shopify.com/s/files/1/1593/2761/products/fe3d633f-5d2b-567a-b0c2-8a42cd2a6b57.jpg?v=1618923780,https://cdn.shopify.com/s/files/1/1593/2761/products/0c5f9b84-0e8d-5fc1-a1a7-8dd8ed5c8a47.jpg?v=1618923783,https://cdn.shopify.com/s/files/1/1593/2761/products/06cfa3f5-5aed-54d8-ba0e-ba573c80f2b0.jpg?v=1618923784,https://cdn.shopify.com/s/files/1/1593/2761/products/500c3287-71e2-55ea-9d06-f5354cb5f340.jpg?v=1618923786,https://cdn.shopify.com/s/files/1/1593/2761/products/2c91d3a3-08c3-5daf-a4d3-beb714203d0f.jpg?v=1618923788"
"1";"GG23529-XX612";"190";"EUR";"Gucci";"Gucci Vintage Stainless Steel Mod 1400 L Wrist Watch White Dial";"Gucci 1400 L stainless steel wrist watch. Stainless steel case. Pink dial with monogram pattern. Sapphire crystal. Swiss Made Quartz movement. Gucci written on face. Water Resistant to 3atm. Clasp closure. Swiss Made. Will fit up to 6 inches - 15,2 cm wrist. Condition A - EXCELLENT The watch is in working condition. Gucci box is included. Please check the photos carefully and ask if you need to know more details or if you have any doubts. Details MATERIAL: Stainless Steel COLOR: Silver MODEL: 1400 L GENDER: Women COUNTRY OF MANUFACTURE: Switzerland TYPE: Wristwatch STYLE: Classic FEATURES: Swiss Made MOVEMENT: Quartz OCCASION: Everyday VINTAGE?: Yes YEAR MANUFACTURED: 1990-1999 BOX?: Yes DIAL COLOR: Pink WATER RESISTANCE:30 m (3 ATM) DIAL STYLE: 12-Hour Dial BAND TYPE: Bangle SERIAL NUMBER: 1400 L HANDEDNESS: Both Hands BAND WIDTH:6 mm BAND MATERIAL:Stainless Steel CASE COLOR:Silver DISPLAY:Analog CASE SIZE:24 mm";"JEWELRY";"Watches";"Steel";"Pink";"0.00";"Onesize";"";"";"";"";"";"";"";"";"Please read item description";"A - EXCELLENT";"https://cdn.shopify.com/s/files/1/1593/2761/products/100cab60-3209-50c4-bafb-029b0144d067.jpg?v=1618927978";"https://cdn.shopify.com/s/files/1/1593/2761/products/197938f2-dca2-506f-ba52-156c557f064f.jpg?v=1618927981,https://cdn.shopify.com/s/files/1/1593/2761/products/5cfd0b65-ad78-51cc-a92a-d3eb4e204446.jpg?v=1618927983,https://cdn.shopify.com/s/files/1/1593/2761/products/ea4f010d-9ce3-560f-9b29-8337e3c6fb69.jpg?v=1618927985,https://cdn.shopify.com/s/files/1/1593/2761/products/6467ee9e-d575-52a4-a399-4884410dcfa0.jpg?v=1618927987,https://cdn.shopify.com/s/files/1/1593/2761/products/d55dfa61-f6ab-5b07-8a43-1dd62fd6ea7f.jpg?v=1618927989,https://cdn.shopify.com/s/files/1/1593/2761/products/603cc29b-aade-582c-80a7-577fb4465591.jpg?v=1618927991"
"1";"GG24718-XX612";"330";"EUR";"Gucci";"Gucci Vintage Silver Stainless Steel Mod 6300 L Wrist Watch";"Gucci 6300 L Silver stainless steel wrist watch from the 90s. Black dial and Sapphire crystal. Swiss Made Quartz movement. Gucci written on face and on the bezel .Water Resistant to 3atm. Black leather trap with buckle closure (GG logo engraved on the buckle). 6 holes adjustment. Total lenght: 8 inches - 20.3 cm. Max. Circumference: 7 inches - 17.8 cm Details MATERIAL: Stainless steel COLOR: Silver MODEL: 6300 L GENDER: Women COUNTRY OF MANUFACTURE: Switzerland TYPE: Wristwatch ORIGINAL CASE?: STYLE: Classic OCCASION: Formal FEATURES: Swiss Made LENS COLOR: LENS TECHNOLOGY: YEAR MANUFACTURED: 1990-1999 VINTAGE?: Yes Condition A - EXCELLENT The watch is in working condition. Minimal wear of use on leather wrist strap. Gucci box is included. Please check the photos carefully and ask if you need to know more details or if you have any doubts. Measurements EYEWEAR MAX WIDTH: TEMPLE MAX. LENGTH: EYE / LENS MAX. WIDTH: EYE / LENS MAX. HEIGHT: BRIDGE MID. WIDTH:";"JEWELRY";"Watches";"Steel";"Silver";"0.00";"Onesize";"";"";"";"";"";"";"";"";"Please read item description";"A - EXCELLENT";"https://cdn.shopify.com/s/files/1/1593/2761/products/109278bf-5e45-5dea-8b1a-d775f6c8ff66.jpg?v=1618930192";"https://cdn.shopify.com/s/files/1/1593/2761/products/d95f71fd-67d2-58c1-991b-d419029bd305.jpg?v=1618930194,https://cdn.shopify.com/s/files/1/1593/2761/products/fcfa8e94-0c10-5216-bc89-636e9141efa3.jpg?v=1618930197,https://cdn.shopify.com/s/files/1/1593/2761/products/50a30a28-8705-5082-84fa-3b6df2eec541.jpg?v=1618930199,https://cdn.shopify.com/s/files/1/1593/2761/products/e12b823a-02ad-5d8e-9e52-238743990fd8.jpg?v=1618930201,https://cdn.shopify.com/s/files/1/1593/2761/products/5e3d25ca-a2cd-58bb-97ef-42d03fa66c79.jpg?v=1618930204"
"1";"GG13204-XX613";"390";"EUR";"Gucci";"Gucci Vintage Brown Suede Leather Bamboo Backpack Bag";"Vintage backpack by Gucci, crafted in brown suede and leather. It features Bamboo handle and knobs. 2 front flap pockets.Flap with buckle closure and drawstring top opening. Internal diamond lining. 1 side zipper pocket inside (GUCCI - GG gold metal zipper pull). Adjustable backstraps. 'GUCCI - Made in Italy' tag (with serial number on its reverse). Details MATERIAL: Suede COLOR: Brown MODEL: Bamboo Backpack GENDER: Women COUNTRY OF MANUFACTURE: Italy SIZE: Medium STYLE: Backpack FEATURES: Adjustable Strap CLOSURE: Buckle PATTERN: Solid PRODUCT LINE: Gucci Bamboo LINING MATERIAL: Canvas OCCASION: Casual HANDLE STYLE: Shoulder Strap YEAR MANUFACTURED: 1990-1999 DUSTBAG? Yes BOX? No KEYS? No Condition B - VERY GOOD Gently used. Some normal wear of use on suede (light fading, and scuffings) and some normal wear of use on leather trim. Some wear of use on bottom corners. Please check the photos carefully and ask if you need to know more details or if you have any doubts. Measurements BAG HEIGHT: 12 inches - 30.48 cm BAG LENGTH: 12 inches - 30.48 cm BAG DEPTH: 4 inches - 10.16 cm STRAP DROP: - HANDLE DROP: -";"BAGS";"Backpacks";"Suede";"Brown";"0.00";"M";"";"";"12";"12";"4";"BAG HEIGHT: 12 inches - 30.48 cm BAG LENGTH: 12 inches - 30.48 cm BAG DEPTH: 4 inches - 10.16 cm STRAP DROP: - HANDLE DROP: -";"";"";"Please read item description";"B - VERY GOOD";"https://cdn.shopify.com/s/files/1/1593/2761/products/5688d8d3-6d3a-5820-9fb5-4b19b382a07f.jpg?v=1618933978";"https://cdn.shopify.com/s/files/1/1593/2761/products/12c3ac82-3daf-5212-be57-2d714b0ee65a.jpg?v=1618933981,https://cdn.shopify.com/s/files/1/1593/2761/products/0fb49f3f-c00b-5554-b0ed-eeb199531b0f.jpg?v=1618933983,https://cdn.shopify.com/s/files/1/1593/2761/products/c946842e-96cb-5ecb-a969-e7566c6ea24b.jpg?v=1618933985,https://cdn.shopify.com/s/files/1/1593/2761/products/69c43b7b-6547-507e-9298-2a98d9cc88d5.jpg?v=1618933988,https://cdn.shopify.com/s/files/1/1593/2761/products/ba7ddb74-3a68-53a3-b5d5-8bbb13a05d23.jpg?v=1618933990,https://cdn.shopify.com/s/files/1/1593/2761/products/d8caeac5-0111-5125-aee8-4454d0221102.jpg?v=1618933992,https://cdn.shopify.com/s/files/1/1593/2761/products/5dfdcdb6-e282-505e-bd05-97140324896c.jpg?v=1618933995"
"1";"GG15757-XX613";"420";"EUR";"Gucci";"Gucci Vintage Brown Leather Princess Diana Bamboo Tote Bag";"Beautiful Gucci Bamboo tote bag in brown leather. Double distinctive Bamboo handle. Princess Diana, was snapped carrying a this model on several occasions. Magnetic button closure on top. 5 bottom feet. Gold metal hardware. 1 compartment in the middle & 1 side zip pocket. Brown diamond fabric lining. 'Gucci - Made in Italy' tag inside (serial number on its reverse). Details MATERIAL: Leather COLOR: Brown MODEL: Diana Bamboo GENDER: Women COUNTRY OF MANUFACTURE: Italy SIZE: Medium STYLE: Tote FEATURES: Lined CLOSURE: Magnetic PATTERN: Solid PRODUCT LINE: Gucci Diana Bamboo LINING MATERIAL: Canvas OCCASION: Everyday HANDLE STYLE: Double Handles YEAR MANUFACTURED: 1990-1999 DUSTBAG? No, we will provide an organic cotton dustbag BOX? No KEYS? No Condition A - EXCELLENT Gently used. Minimal wear of use on the bottom. Minimal darkness on the lining of the interior pocket. Please check the photos carefully and ask if you need to know more details or if you have any doubts. Measurements BAG HEIGHT: 11 inches - 27.94 cm BAG LENGTH: 13.5 inches - 34.29 cm BAG DEPTH: 5.5 inches - 13.97 cm STRAP DROP: - HANDLE DROP: -";"BAGS";"Totes";"Leather";"Brown";"0.00";"M";"";"";"13.5";"11";"5.5";"BAG HEIGHT: 11 inches - 27.94 cm BAG LENGTH: 13.5 inches - 34.29 cm BAG DEPTH: 5.5 inches - 13.97 cm STRAP DROP: - HANDLE DROP: -";"";"";"Please read item description";"A - EXCELLENT";"https://cdn.shopify.com/s/files/1/1593/2761/products/b669fb31-895a-5878-8f9f-731a5fb25d2d.jpg?v=1618936149";"https://cdn.shopify.com/s/files/1/1593/2761/products/8ff4815d-6708-5406-94bc-296cc0a93e95.jpg?v=1618936151,https://cdn.shopify.com/s/files/1/1593/2761/products/cce056be-57f2-51c9-b920-a219264c18d0.jpg?v=1618936154,https://cdn.shopify.com/s/files/1/1593/2761/products/20cfc5a5-f905-516a-b1c4-5d0dfbe94d35.jpg?v=1618936156,https://cdn.shopify.com/s/files/1/1593/2761/products/a545e03a-136d-5437-908e-859738569070.jpg?v=1618936158,https://cdn.shopify.com/s/files/1/1593/2761/products/f21b4b0b-77aa-5c85-a85a-744808f50db8.jpg?v=1618936160"
"1";"H22265-XX612";"230";"EUR";"Hermes";"Hermes Brown Leather Gold Metal Jumbo Hook Bracelet";"Hermes 'Jumbo Hook' Single Bracelet. Brown woven leather string with gold metal hook closure. Long Approx. 7 inches - 17.8 cm, including hook. Hermes logo on hook. Hermes box included. Condition A - EXCELLENT Some scuffings on leather due to normal use. Hermes box is included. Please, look carefully at the photos and ask for any detail. Details MATERIAL: Leather COLOR: Brown MODEL: Jumbo Hook Bracelet GENDER: Unisex Adults COUNTRY OF MANUFACTURE: France METAL: - BASE METAL: - STYLE: Strand/String MAIN STONE: - SECONDARY STONE: - BRACELET LENGTH: 7 inches - 18 cm MAIN STONE CREATION: - MAIN STONE TREATMENT: - CLASP TYPE: - OCCASION: Casual CLOSURE: Hook VINTAGE?: No YEAR MANUFACTURED: 2010-2019 BOX?: Yes SERIAL NUMBER: -";"JEWELRY";"Bracelets";"Leather";"Brown";"0.00";"Onesize";"";"";"";"";"";"";"";"";"Please read item description";"A - EXCELLENT";"https://cdn.shopify.com/s/files/1/1593/2761/products/68d8f0ec-a9d9-5405-9297-4de73261336c.jpg?v=1618940599";"https://cdn.shopify.com/s/files/1/1593/2761/products/a6ffc0f1-baf6-55e4-bc08-1ffb86a159f9.jpg?v=1618940601,https://cdn.shopify.com/s/files/1/1593/2761/products/03ad240a-5555-5cda-a05a-6454b31c1e12.jpg?v=1618940604,https://cdn.shopify.com/s/files/1/1593/2761/products/df3b105c-bafc-5b65-a846-9d71792377cc.jpg?v=1618940606,https://cdn.shopify.com/s/files/1/1593/2761/products/f801a4f6-b29d-513b-84d3-6c93c36c5f80.jpg?v=1618940609,https://cdn.shopify.com/s/files/1/1593/2761/products/f6408e9c-1e5c-55e2-b060-d2fa8362a339.jpg?v=1618940612"
"1";"H17259-XX613";"180";"EUR";"Hermes";"Hermes Bicolor Leather Palladium Jumbo Hook Double Bracelet";"Hermes 'Jumbo Hook' Double Bracelet. Gray and light blue woven leather string with palladium silver hook closure. Long Approx: 14 inches - 35.5 cm, including hook. Hermes logo on hook. Hemes box included. Condition B - VERY GOOD Gently used. Some darkness on leather due to normal use. Hermes box is included. Please, look carefully at the photos and ask for any detail. Details MATERIAL: Leather COLOR: Grey MODEL: Jumbo Hook Bracelet GENDER: Unisex Adults COUNTRY OF MANUFACTURE: France METAL: - BASE METAL: - STYLE: Strand/String MAIN STONE: - SECONDARY STONE: - BRACELET LENGTH: 14 inches - 35,5 cm MAIN STONE CREATION: - MAIN STONE TREATMENT: - CLASP TYPE: - OCCASION: Casual CLOSURE: Hook VINTAGE?: No YEAR MANUFACTURED: 2010-2019 BOX?: Yes SERIAL NUMBER: -";"JEWELRY";"Bracelets";"Leather";"Gray";"0.00";"Onesize";"";"";"";"";"";"";"";"";"Please read item description";"B - VERY GOOD";"https://cdn.shopify.com/s/files/1/1593/2761/products/4174801f-540d-5026-8208-60641956694e.jpg?v=1618942328";"https://cdn.shopify.com/s/files/1/1593/2761/products/aaca7413-00d8-53fd-9888-9e2e52112c6d.jpg?v=1618942331,https://cdn.shopify.com/s/files/1/1593/2761/products/4c53606a-88d6-563b-a751-ef47db531cb8.jpg?v=1618942334,https://cdn.shopify.com/s/files/1/1593/2761/products/454d29b5-8f02-5da1-b3c9-2d249978194e.jpg?v=1618942336,https://cdn.shopify.com/s/files/1/1593/2761/products/c0ca9ac2-25c3-5dd5-a564-f9c2b5d0ba1f.jpg?v=1618942339,https://cdn.shopify.com/s/files/1/1593/2761/products/61ce5256-9984-5f58-b80a-0b15e12d7cd2.jpg?v=1618942341,https://cdn.shopify.com/s/files/1/1593/2761/products/28ed0b04-d9e1-52b9-899c-39d4729358b3.jpg?v=1618942344,https://cdn.shopify.com/s/files/1/1593/2761/products/8edb34a9-ccf4-5e1a-9940-ebd0c19c37da.jpg?v=1618942346"
"0";"SB-36584271-XXPM303";"1650";"EUR";"Gabriela Hearst";"Gabriela Hearst Tan Cognac Leather Structured Nina Bag Handbag";"Beautiful 'Nina bag' in cognac leather signed Gabriela Hearst. The bag is crafted in tan nappa leather exterior and it features a sculptural design, rose gold metal hardware with turn-lock closure on top and a structured rolled single handle. The bag is named in honor of singer Nina Simone. The interior is lined in tan nappa leather and it has 2 internal card slots inside. The 'Nina Bag' is one of Meghan Markle's favorite bags. Made in Italy. Details MATERIAL: Leather COLOR: Beige MODEL: Nina Bag GENDER: Women COUNTRY OF MANUFACTURE: Italy SIZE: Small STYLE: Satchel FEATURES: Lined CLOSURE: Turn Lock PATTERN: Solid PRODUCT LINE: Gabriela Hearst Nina Bag LINING MATERIAL: Leather OCCASION: Party/Cocktail HANDLE STYLE: Top Handle YEAR MANUFACTURED: 2010-2019 DUSTBAG? No, we will provide an organic cotton dustbag BOX? No KEYS? No Condition A - EXCELLENT In excellent condition. Please check the photos carefully and ask if you need to know more details or if you have any doubts. Measurements BAG HEIGHT: 6 inches - 15.24 cm BAG LENGTH: 9 inches - 22.86 cm BAG DEPTH: 6 inches - 15.24 cm STRAP DROP: - HANDLE DROP: 5.5 inches - 13.97 cm";"BAGS";"Handbags";"Leather";"Beige";"0.00";"S";"";"";"9";"6";"6";"BAG HEIGHT: 6 inches - 15.24 cm BAG LENGTH: 9 inches - 22.86 cm BAG DEPTH: 6 inches - 15.24 cm STRAP DROP: - HANDLE DROP: 5.5 inches - 13.97 cm";"";"";"Please read item description";"A - EXCELLENT";"https://cdn.shopify.com/s/files/1/1593/2761/products/8d52ab80-b7ce-52c1-ab38-fc41366cd819.jpg?v=1606762366";"https://cdn.shopify.com/s/files/1/1593/2761/products/5acba3bc-f973-5f0e-9a71-f1a98c0a8a6e.jpg?v=1606762368,https://cdn.shopify.com/s/files/1/1593/2761/products/732dc41b-61dc-5f06-b99a-857f8b587c3b.jpg?v=1606762370,https://cdn.shopify.com/s/files/1/1593/2761/products/4cbca819-4c89-5bb3-bd15-a7b6f36b5881.jpg?v=1606762373,https://cdn.shopify.com/s/files/1/1593/2761/products/5cf6fd0a-415c-5300-876a-647e08f1426c.jpg?v=1606762375,https://cdn.shopify.com/s/files/1/1593/2761/products/46454bf3-208e-515a-9723-8aac5b602696.jpg?v=1606762377,https://cdn.shopify.com/s/files/1/1593/2761/products/bafe5dba-788e-5f27-8baf-f04edc8bb93f.jpg?v=1606762379,https://cdn.shopify.com/s/files/1/1593/2761/products/186df66f-031f-5b07-a1c4-be31339371bc.jpg?v=1606762382,https://cdn.shopify.com/s/files/1/1593/2761/products/0a6059d9-ac3c-596f-bfc1-f3c23c43751b.jpg?v=1606762385"
"0";"SB-H18412-XX597";"220";"EUR";"Hermes";"Hermes Paris Vintage Black Cotton Fourre Tout PM Tote Bag";"- Model: 'HERMES FOURRE TOUT - PM' Tote handbag - Made in France - Color: Black with Gray stripes - Material: 100% cotton - It has snaps on both ends for expansion - Durable canvas handles, perfect for casual and everyday use. - Open top with middle snap closure (button) - Canvas internal lining - 1 zip pocket inside with leather zipper pull - Retail price is over 550 USD. Details MATERIAL: Cotton COLOR: Black MODEL: Fourre Tout PM Tote Bag GENDER: Women COUNTRY OF MANUFACTURE: France SIZE: Small STYLE: Tote FEATURES: Lightweight CLOSURE: Button PATTERN: Solid PRODUCT LINE: Hermes Fourre Tout LINING MATERIAL: Canvas OCCASION: Casual HANDLE STYLE: Double Handles YEAR MANUFACTURED: 1990-1999 DUSTBAG? No, we will provide an organic cotton dustbag BOX? No KEYS? No Condition B - VERY GOOD Gently used. Some fading on canvas due to normal use (especially on upper border). Some small white marks internally. Hermes dustbag is not included. Please check the photos carefully and ask if you need to know more details or if you have any doubts. Measurements BAG HEIGHT: 8 inches - 20,3 cm BAG LENGTH: 12 inches - 30,5 cm BAG DEPTH: 3 inches - 7,6 cm STRAP DROP: - HANDLE DROP: -";"BAGS";"Handbags";"Cotton";"Black";"0.00";"S";"";"";"12";"8";"3";"BAG HEIGHT: 8 inches - 20,3 cm BAG LENGTH: 12 inches - 30,5 cm BAG DEPTH: 3 inches - 7,6 cm STRAP DROP: - HANDLE DROP: -";"";"";"Please read item description";"B - VERY GOOD";"https://cdn.shopify.com/s/files/1/1593/2761/products/67c1646e-5f52-5288-884f-5588eeff0616.jpg?v=1609355101";"https://cdn.shopify.com/s/files/1/1593/2761/products/89b7d17f-e2c8-54cc-98bc-167c9d6ac8d9.jpg?v=1609355103,https://cdn.shopify.com/s/files/1/1593/2761/products/534a9e58-62b1-50b8-a56b-1d9d2c8f87c4.jpg?v=1609355106,https://cdn.shopify.com/s/files/1/1593/2761/products/baaefaba-fede-5de2-aa44-295b3ff96fc6.jpg?v=1609355108,https://cdn.shopify.com/s/files/1/1593/2761/products/18fab553-50db-5ba3-8a3e-54785882862c.jpg?v=1609355110,https://cdn.shopify.com/s/files/1/1593/2761/products/609d86e3-5ff7-54da-b93c-ff6a32c8bd43.jpg?v=1609355112,https://cdn.shopify.com/s/files/1/1593/2761/products/056dc53d-98c8-5705-b8ed-128a97d9e32b.jpg?v=1609355114,https://cdn.shopify.com/s/files/1/1593/2761/products/a04d8c85-b878-5d37-a22e-47e8d60ef4a1.jpg?v=1609355117,https://cdn.shopify.com/s/files/1/1593/2761/products/f60bdd02-f2ed-5e38-ade7-a20296696efa.jpg?v=1609355119"
"1";"1491959-XXMY";"340";"EUR";"Cartier";"Cartier Paris Vintage Brown Oval Sunglasses Mod. Frisson 53-20 125mm";"Vintage acetate 'Tempation' brown tortoise Cartier sunglasses from the 90s. Oval-shaped. Gold metal C detailing on the sides. Made in France. Cartier burgundy leather case included. Details MATERIAL: Brown COLOR: Brown MODEL: Temptation GENDER: Women COUNTRY OF MANUFACTURE: France TYPE: Sunglasses ORIGINAL CASE?: Yes STYLE: Oval OCCASION: Casual FEATURES: Lightweight LENS COLOR: Brown LENS TECHNOLOGY: Anti-Reflective YEAR MANUFACTURED: 1990-1999 VINTAGE?: Yes Condition A - EXCELLENT In excellent condition. Cartier leather case included (with minimal wear of use). Measurements EYEWEAR MAX WIDTH:145 mm TEMPLE MAX. LENGTH: 125 mm EYE / LENS MAX. WIDTH: 53 mm EYE / LENS MAX. HEIGHT: 36 mm BRIDGE MID. WIDTH: 20 mm";"ACCESSORIES";"Sunglasses";"Acetate";"Brown";"0.00";"Onesize";"";"";"";"";"";"EYEWEAR MAX WIDTH:145 mm TEMPLE MAX. LENGTH: 125 mm EYE / LENS MAX. WIDTH: 53 mm EYE / LENS MAX. HEIGHT: 36 mm BRIDGE MID. WIDTH: 20 mm";"";"";"Please read item description";"A - EXCELLENT";"https://cdn.shopify.com/s/files/1/1593/2761/products/64410def-c057-5ae2-a2e7-b09a656840a4.jpg?v=1618948182";"https://cdn.shopify.com/s/files/1/1593/2761/products/3f7ccece-2ce4-58d1-a2f9-4eb9840c2813.jpg?v=1618948184,https://cdn.shopify.com/s/files/1/1593/2761/products/a010e664-6c47-5b0c-adf7-2c29fbb40616.jpg?v=1618948187,https://cdn.shopify.com/s/files/1/1593/2761/products/f4ed456e-e271-520a-9840-3ed2f0bcadef.jpg?v=1618948189,https://cdn.shopify.com/s/files/1/1593/2761/products/fe636699-8d7a-5b74-b654-259c829c6d9c.jpg?v=1618948191"
"1";"WE2001Z-XX";"80";"EUR";"Web";"Web Black and Gold Metal Round Sunglasses WE200 52/22 140mm";"Web round sunglasses WE 200 01Z, Round-shaped. The front is a combination of black plastic and gold metal. Mirrored purple lenses. Made in Italy. Mod. & Refs: WE200 - 01Z - 52/22 - 140mm Details MATERIAL: Acetate COLOR: Black MODEL: WE 200 GENDER: Women COUNTRY OF MANUFACTURE: Italy TYPE: Sunglasses ORIGINAL CASE?: No, we will provide a generic case STYLE: Round OCCASION: Casual FEATURES: Lightweight LENS COLOR: Purple LENS TECHNOLOGY: Anti-Reflective YEAR MANUFACTURED: 2010-2019 VINTAGE?: No Condition A+ - MINT Perfect condition. Original case and cleaning cloth included. Please check the photos carefully and ask if you need to know more details or if you have any doubts. Measurements EYEWEAR MAX WIDTH:135 mm TEMPLE MAX. LENGTH: 140 mm EYE / LENS MAX. WIDTH: 52 mm EYE / LENS MAX. HEIGHT: 52 mm BRIDGE MID. WIDTH: 22 mm";"ACCESSORIES";"Sunglasses";"Metal";"Black";"";"Onesize";"";"";"";"";"";"EYEWEAR MAX WIDTH:135 mm TEMPLE MAX. LENGTH: 140 mm EYE / LENS MAX. WIDTH: 52 mm EYE / LENS MAX. HEIGHT: 52 mm BRIDGE MID. WIDTH: 22 mm";"";"";"Please read item description";"A+ - MINT";"https://cdn.shopify.com/s/files/1/1593/2761/products/867ad6fa-dbc4-5350-b0eb-f494bb1616cf.jpg?v=1618948478";"https://cdn.shopify.com/s/files/1/1593/2761/products/60c8949d-26de-5743-a4d3-5619c55ff4f3.jpg?v=1618948480,https://cdn.shopify.com/s/files/1/1593/2761/products/d032184e-3d03-5c6d-b546-ab1f4f657b01.jpg?v=1618948482,https://cdn.shopify.com/s/files/1/1593/2761/products/b33d1e40-8e49-541b-bfac-85815e63c520.jpg?v=1618948485,https://cdn.shopify.com/s/files/1/1593/2761/products/c22f5786-6291-51ad-8400-09afd1b9f26b.jpg?v=1618948487"
"1";"DIORCD2037-MY";"245";"EUR";"Christian Dior";"Christian Dior Vintage Oval Mint Sunglasses CD 2037 Optyl 48/28 130mm";"Vintage Christian Dior sunglasses, model CD 2037. Oval-shaped. The front is a combination of brown Optyl plastic and silver metal. CD logo on both temples. Brown original lenses. Made in Austria. Mod. & Refs: CD 2037 - 21L - 48/28 - 130 - OPTYL LCM Details MATERIAL: Acetate COLOR: Brown MODEL: CD 2037 GENDER: Women COUNTRY OF MANUFACTURE: Austria TYPE: Sunglasses ORIGINAL CASE?: No, we will provide a generic case STYLE: Oval OCCASION: FEATURES: Lightweight LENS COLOR: Brown LENS TECHNOLOGY: Anti-Reflective YEAR MANUFACTURED: c VINTAGE?: Yes Condition A+ - MINT In excellent condition. They will come with a generic case. Please check the photos carefully and ask if you need to know more details or if you have any doubts. Measurements EYEWEAR MAX WIDTH:140 mm TEMPLE MAX. LENGTH: 130 mm EYE / LENS MAX. WIDTH: 48 mm EYE / LENS MAX. HEIGHT: 35 mm BRIDGE MID. WIDTH: 28 mm";"ACCESSORIES";"Sunglasses";"Acetate";"Brown";"";"Onesize";"";"";"";"";"";"EYEWEAR MAX WIDTH:140 mm TEMPLE MAX. LENGTH: 130 mm EYE / LENS MAX. WIDTH: 48 mm EYE / LENS MAX. HEIGHT: 35 mm BRIDGE MID. WIDTH: 28 mm";"";"";"Please read item description";"A+ - MINT";"https://cdn.shopify.com/s/files/1/1593/2761/products/cd0eb0ae-516f-51d4-a3b6-a4a35e377522.jpg?v=1618951671";"https://cdn.shopify.com/s/files/1/1593/2761/products/af6e765b-0f19-51a2-a565-0ca2b2251d5b.jpg?v=1618951673,https://cdn.shopify.com/s/files/1/1593/2761/products/7dfc2f90-39d0-5e10-88ad-fc644b8a0d5d.jpg?v=1618951675,https://cdn.shopify.com/s/files/1/1593/2761/products/a79b4f6f-295c-5ef4-b922-59229f5fc6ba.jpg?v=1618951678,https://cdn.shopify.com/s/files/1/1593/2761/products/200333e0-ad24-560d-870f-37f14a2b53ec.jpg?v=1618951680"
"1";"DIOR2277-MY";"220";"EUR";"Christian Dior";"Christian Dior Vintage Oversize Sunglasses 2277 Brown Blue 57-12 130 mm";"Vintage oversized sunglasses by CHRISTIAN DIOR, mod. 2277- 50. Bicolor blue and brown OPTYL frame with striped effect on the front. . CD logo on temple. Gradient light grey 100% UV protection lenses. Made in Germany. Details MATERIAL: Acetate COLOR: Blue MODEL: 2277 GENDER: Women COUNTRY OF MANUFACTURE: Germany TYPE: Sunglasses ORIGINAL CASE?: No, we will provide a generic case STYLE: Butterfly OCCASION: Everyday FEATURES: Oversized LENS COLOR: Grey LENS TECHNOLOGY: Gradient YEAR MANUFACTURED: 1980-1989 VINTAGE?: Yes Condition A+ - MINT NEW OLD STOCK - Never worn or used. Measurements EYEWEAR MAX WIDTH:140 mm TEMPLE MAX. LENGTH: 130 mm EYE / LENS MAX. WIDTH: 57 mm EYE / LENS MAX. HEIGHT: 55 mm BRIDGE MID. WIDTH: 12 mm";"ACCESSORIES";"Sunglasses";"Acetate";"Blue";"0.00";"Onesize";"";"";"";"";"";"EYEWEAR MAX WIDTH:140 mm TEMPLE MAX. LENGTH: 130 mm EYE / LENS MAX. WIDTH: 57 mm EYE / LENS MAX. HEIGHT: 55 mm BRIDGE MID. WIDTH: 12 mm";"";"";"Please read item description";"A+ - MINT";"https://cdn.shopify.com/s/files/1/1593/2761/products/2a07d7ce-86ad-5947-8c21-c5b05d04a01c.jpg?v=1618951826";"https://cdn.shopify.com/s/files/1/1593/2761/products/a2618d2b-d5b2-52d0-a541-d1cfe1eb9532.jpg?v=1618951829,https://cdn.shopify.com/s/files/1/1593/2761/products/794326d7-7785-559c-a907-eae667378714.jpg?v=1618951832,https://cdn.shopify.com/s/files/1/1593/2761/products/5721f09a-9981-5d49-9b37-88a78af3d186.jpg?v=1618951835"
"1";"6F86F0E8-XX";"70";"EUR";"Dolce & Gabbana";"Dolce & Gabbana Beige Leather Belt with Lucite Rings Size 90/36";"Dolce & Gabbana Beige Leather Belt - Beige Reptile Skin - Rhinestones embellishment - Lucite rings detailing - Clasp closure - Total length: 39 inches - 99 cm - Width: 1 1/4 inches - 3,2 cm - Size 90 inches / 36 cm (embossed on the reverse of the belt Details MATERIAL: Leather COLOR: Beige MODEL: - GENDER: Women COUNTRY OF MANUFACTURE: Italy TYPE: Belt STYLE: Waist Belt BELT WIDTH: Normal PATTERN: Solid SIZE TYPE: Regular FEATURES: All Seasons HARDWARE MATERIAL: Metal YEAR MANUFACTURED: 2000-2009 WAIST SIZE: 36-37 in VINTAGE?: No OCCASION: Casual DUSTBAG? No, we will provide an organic cotton dustbag Condition B - VERY GOOD Gently used. Some darknesss on the reverse of the belt Measurements BELT WIDTH: Normal BELT LENGTH: 39 inches - 99 cm";"ACCESSORIES";"Belts";"Leather";"Beige";"0.00";"Onesize";"";"";"";"";"";"BELT WIDTH: Normal BELT LENGTH: 39 inches - 99 cm";"";"";"Please read item description";"B - VERY GOOD";"https://cdn.shopify.com/s/files/1/1593/2761/products/5bd55b39-b708-54df-bf68-d045a3725f7d.jpg?v=1618951932";"https://cdn.shopify.com/s/files/1/1593/2761/products/a3de3a48-5a83-5edc-8e72-720549433543.jpg?v=1618951934,https://cdn.shopify.com/s/files/1/1593/2761/products/8a7360c7-2884-5bfe-a2b0-1a0a3402570b.jpg?v=1618951936,https://cdn.shopify.com/s/files/1/1593/2761/products/c46dd84e-3c86-53ff-826a-a18a97d457f8.jpg?v=1618951938"
"0";"GGCLDNW29";"245";"EUR";"Gucci";"Gucci Mint Pink Micro Guccissima Leather Pouch Cosmetic Bag";"Lovely small cosmetic bag by Gucci. Crafted in soft pink Micro Guccissima leather. It features the Gucci name patch on the front, upper zipper closure and brown fabric lining. 'GUCCI - Made in Italy' tag inside (with serial number on its reverse. Details MATERIAL: Leather COLOR: Pink MODEL: - GENDER: Women COUNTRY OF MANUFACTURE: Italy SIZE: Small STYLE: Pouch FEATURES: Lined CLOSURE: Zip PATTERN: Solid PRODUCT LINE: Gucci Micro Guccissima LINING MATERIAL: Canvas OCCASION: Everyday HANDLE STYLE: - YEAR MANUFACTURED: 2010-2019 DUSTBAG? No, we will provide an organic cotton dustbag BOX? Yes KEYS? No Condition A+ - MINT Gucci box included Please check the photos carefully and ask if you need to know more details or if you have any doubts Measurements BAG HEIGHT: 5 inches - 12.7 cm BAG LENGTH: 6.5 inches - 16.51 cm BAG DEPTH: 2.5 inches - 6.35 cm STRAP DROP: - HANDLE DROP: -";"BAGS";"Clutches";"Leather";"Pink";"0.00";"S";"";"";"6.5";"5";"2.5";"BAG HEIGHT: 5 inches - 12.7 cm BAG LENGTH: 6.5 inches - 16.51 cm BAG DEPTH: 2.5 inches - 6.35 cm STRAP DROP: - HANDLE DROP: -";"";"";"Please read item description";"A+ - MINT";"https://cdn.shopify.com/s/files/1/1593/2761/products/30835f46-5dd6-57a2-ab76-0db82748c70a.jpg?v=1611761641";"https://cdn.shopify.com/s/files/1/1593/2761/products/fcf815a3-0eee-570f-92fb-e1e5c91a8ed7.jpg?v=1611761643,https://cdn.shopify.com/s/files/1/1593/2761/products/c4cb4727-6816-57bc-ba4b-b0392b4941b5.jpg?v=1611761646,https://cdn.shopify.com/s/files/1/1593/2761/products/5dd4b6ed-0c99-573e-9ac9-515a54e6df57.jpg?v=1611761648,https://cdn.shopify.com/s/files/1/1593/2761/products/9a9d6f08-8837-5c71-9d6e-b53cc4609849.jpg?v=1611761650"
"0";"GGCLDNW20";"180";"EUR";"Gucci";"Gucci Sterling Silver Ghost Real Gucci Black Keyring Never Used";"Gucci ""Gucci Ghost"" Keyring in sterling silver with enameled black and yellow round pendant. The keyring was created in collaboration with american artist Trouble Andrew, in 2016. The round pendant features the 'Real Gucci' writing on one side and engraved 'Life is Gucci' motto on the other side. Total length: 3 inches - 7.6 cm. Pendant diameter: 1.5 inches - 3.9 cm. Made in Italy. Details MATERIAL: Sterling Silver COLOR: Black MODEL: Gucci Ghost GENDER: Women COUNTRY OF MANUFACTURE: Italy SIZE: Small FABRIC TYPE: - STYLE: Fashionable ACCENTS: Logo TYPE: Key Chain FEATURES: - PRODUCT LINE: Gucci GucciGhost OCCASION: Everyday YEAR MANUFACTURED: 2010-2019 DUSTBAG? No BOX? Yes KEYS? No Condition A+ - MINT Never used. It shows a slight blackening due to the passage of time (but easily removable)Gucci box included. Please check the photos carefully and ask if you need to know more details or if you have any doubts. Measurements BAG HEIGHT: 3 inches - 7.62 cm BAG LENGTH: 1.5 inches - 3.81 cm BAG DEPTH: -";"ACCESSORIES";"Home & Office";"Sterling Silver";"Black";"0.00";"S";"";"";"";"";"";"";"";"";"Please read item description";"A+ - MINT";"https://cdn.shopify.com/s/files/1/1593/2761/products/861e5230-bc16-5a1d-bb27-c25220d10184.jpg?v=1611853243";"https://cdn.shopify.com/s/files/1/1593/2761/products/dfe116d0-e298-5fae-8541-cc5b5858456b.jpg?v=1611853246,https://cdn.shopify.com/s/files/1/1593/2761/products/a3c375ce-ad68-50f9-9510-51c45cdc82f1.jpg?v=1611853248,https://cdn.shopify.com/s/files/1/1593/2761/products/f081cd46-c956-5b1b-9835-33159c30b15a.jpg?v=1611853251,https://cdn.shopify.com/s/files/1/1593/2761/products/b7382e72-ccea-5dbd-998d-f8da0f076d9e.jpg?v=1611853253,https://cdn.shopify.com/s/files/1/1593/2761/products/4c728862-455f-54f1-ad9d-7e8bc72339c9.jpg?v=1611853256"
"1";"H15724-XX613";"260";"EUR";"Hermes";"Hermes Paris Blue and Green Cotton Fourre Tout MM Tote Bag";"Hermes Paris Vintage blue cotton canvas tote, Fourre Tout MM. Made in France. Green stripes. 100% Cotton. 3 front pockets on the front and 3 pockets on the back. It has snaps (buttons) on both ends for expansion. Durable canvas handles, perfect for casual and everyday use. Open top with middle snap closure (button). Canvas internal lining. 1 zip pocket inside with leather zipper pull. Hermes tag inside. Details MATERIAL: Cotton COLOR: Blue MODEL: Fourre Tout MM GENDER: Women COUNTRY OF MANUFACTURE: France SIZE: Medium STYLE: Tote FEATURES: Lightweight CLOSURE: Button PATTERN: Solid PRODUCT LINE: Hermes Fourre Tout LINING MATERIAL: Cotton OCCASION: Everyday HANDLE STYLE: Double Handles YEAR MANUFACTURED: 1990-1999 DUSTBAG? No, we will provide an organic cotton dustbag BOX? No KEYS? No Condition A - EXCELLENT Gently used. Some light faded parts on canvas due to normal use. Some wear on the bottom corners (light fading - see pictures). No other major or noticeable defect. NO Dusbag. Please check the photos carefully and ask if you need to know more details or if you have any doubts. Measurements BAG HEIGHT: 12 inches - 30.48 cm BAG LENGTH: 17 inches - 43.18 cm BAG DEPTH: 4 inches - 10.16 cm STRAP DROP: - HANDLE DROP: 3.5 inches - 8.89 cm";"BAGS";"Totes";"Cotton";"Blue";"0.00";"M";"";"";"17";"12";"4";"BAG HEIGHT: 12 inches - 30.48 cm BAG LENGTH: 17 inches - 43.18 cm BAG DEPTH: 4 inches - 10.16 cm STRAP DROP: - HANDLE DROP: 3.5 inches - 8.89 cm";"";"";"Please read item description";"A - EXCELLENT";"https://cdn.shopify.com/s/files/1/1593/2761/products/c9a64713-a127-55eb-938b-6d6e7164a55e.jpg?v=1618993774";"https://cdn.shopify.com/s/files/1/1593/2761/products/6b969b2b-482e-5864-922e-3eef6ff47c9a.jpg?v=1618993776,https://cdn.shopify.com/s/files/1/1593/2761/products/593b3724-3c74-5592-80ad-e94d65579799.jpg?v=1618993778,https://cdn.shopify.com/s/files/1/1593/2761/products/db88ad92-aec2-59ad-96ce-52dd965b47ff.jpg?v=1618993781,https://cdn.shopify.com/s/files/1/1593/2761/products/2c0cab71-7645-57de-b781-75b925d3ab7a.jpg?v=1618993783,https://cdn.shopify.com/s/files/1/1593/2761/products/1f39a37b-764a-5ad3-be9b-8c039d6d91f5.jpg?v=1618993785"
"1";"H25404-XX612";"250";"EUR";"Hermes";"Hermes Paris Canvas Her Line Herline MM Handbag Tote Bag";"Hermes Canvas Herline Her Line MM Tote Bag in grey color. Made of a durable canvas. The tote has durable strap handles of a patterned Hermes H canvas. 3 open pockets on the front. Composition; 69% Polyamide, 31% Polyester. 3 snap button closure + Double zipper closure on top. Canvas internal lining. 1 side open pocket inside. Made in France. Details MATERIAL: Nylon COLOR: Grey MODEL: Herline MM GENDER: Unisex Adults COUNTRY OF MANUFACTURE: France SIZE: Medium STYLE: Tote FEATURES: Lightweight CLOSURE: Zip PATTERN: Solid PRODUCT LINE: Hermes Herline LINING MATERIAL: Canvas OCCASION: Casual HANDLE STYLE: Double Handles YEAR MANUFACTURED: 2000-2009 DUSTBAG? No, we will provide an organic cotton dustbag BOX? No KEYS? No Condition A - EXCELLENT Gently used. Some wear of use on bottom corners. Please check the photos carefully and ask if you need to know more details or if you have any doubts. Measurements BAG HEIGHT: 12.5 inches - 31.75 cm BAG LENGTH: 16 inches - 40.64 cm BAG DEPTH: 4 inches - 10.16 cm STRAP DROP: - HANDLE DROP: 4 inches - 10,2 cm";"BAGS";"Totes";"Nylon";"Gray";"";"M";"";"";"16";"12.5";"4";"BAG HEIGHT: 12.5 inches - 31.75 cm BAG LENGTH: 16 inches - 40.64 cm BAG DEPTH: 4 inches - 10.16 cm STRAP DROP: - HANDLE DROP: 4 inches - 10,2 cm";"";"";"Please read item description";"A - EXCELLENT";"https://cdn.shopify.com/s/files/1/1593/2761/products/6928099b-0111-580e-8a2f-6fa7f337b68a.jpg?v=1618995806";"https://cdn.shopify.com/s/files/1/1593/2761/products/cd975856-52a7-5665-a2d2-4cd0ff6c1980.jpg?v=1618995809,https://cdn.shopify.com/s/files/1/1593/2761/products/07bb382c-8502-5787-9ef5-e287c1eeec1b.jpg?v=1618995811,https://cdn.shopify.com/s/files/1/1593/2761/products/d58e7e7e-4d0f-59a8-9345-e7da50b8f1f1.jpg?v=1618995813,https://cdn.shopify.com/s/files/1/1593/2761/products/ff56081e-797e-5b18-8c91-3f0ecf502391.jpg?v=1618995815,https://cdn.shopify.com/s/files/1/1593/2761/products/b6875609-a106-5373-a417-0cfd054eace6.jpg?v=1618995817,https://cdn.shopify.com/s/files/1/1593/2761/products/e4b2b31a-3c4a-5571-b66e-639288faf387.jpg?v=1618995819"
"1";"H17320-XX613";"360";"EUR";"Hermes";"Hermes Paris Beige and Orange Cotton Fourre Tout PM Tote Bag";"Model: 'HERMES FOURRE TOUT - PM' Tote handbag. Made in France. Beige canvas and orange stripes. Material: 100% cotton. It has snaps on both ends for expansion. Durable canvas handles, perfect for casual and everyday use. Open top with middle snap closure (button). Canvas internal lining. 1 zip pocket inside with leather zipper pull Details MATERIAL: Cotton COLOR: Beige MODEL: Fourre Tout PM GENDER: Women COUNTRY OF MANUFACTURE: France SIZE: Small STYLE: Tote FEATURES: Lightweight CLOSURE: Button PATTERN: Solid PRODUCT LINE: Hermes Fourre Tout LINING MATERIAL: Cotton OCCASION: Everyday HANDLE STYLE: Double Handles YEAR MANUFACTURED: 2000-2009 DUSTBAG? No, we will provide an organic cotton dustbag BOX? No KEYS? No Condition A - EXCELLENT Gently used. Some darkness on bottom corners. A couple of brown stains on the bottom. Minimal wear of use inside. Please check the photos carefully and ask if you need to know more details or if you have any doubts. Measurements BAG HEIGHT: 9 inches - 22.86 cm BAG LENGTH: 12 inches - 30.48 cm BAG DEPTH: 3 inches - 7.62 cm STRAP DROP: - HANDLE DROP: 3.5 inches - 8.89 cm";"BAGS";"Totes";"Cotton";"Beige";"0.00";"S";"";"";"12";"9";"3";"BAG HEIGHT: 9 inches - 22.86 cm BAG LENGTH: 12 inches - 30.48 cm BAG DEPTH: 3 inches - 7.62 cm STRAP DROP: - HANDLE DROP: 3.5 inches - 8.89 cm";"";"";"Please read item description";"A - EXCELLENT";"https://cdn.shopify.com/s/files/1/1593/2761/products/a029c34b-efee-5341-a83a-e29a6989d46c.jpg?v=1618998886";"https://cdn.shopify.com/s/files/1/1593/2761/products/ac4c347e-7423-57a2-ac39-2b16e6fca048.jpg?v=1618998888,https://cdn.shopify.com/s/files/1/1593/2761/products/c67d27a8-6f48-546d-8b03-08c54dfcf4ba.jpg?v=1618998890,https://cdn.shopify.com/s/files/1/1593/2761/products/5b368a26-02ae-5f8d-94a8-a4e15ee3cefa.jpg?v=1618998893,https://cdn.shopify.com/s/files/1/1593/2761/products/e22bb838-bd5b-5e16-957d-2442ae355a2d.jpg?v=1618998895,https://cdn.shopify.com/s/files/1/1593/2761/products/d56c9149-223c-5737-a68a-8d3420bac6ff.jpg?v=1618998897,https://cdn.shopify.com/s/files/1/1593/2761/products/3571fb73-930b-573f-b7dc-12bd7a4e3c6f.jpg?v=1618998900"
"1";"H28958-XX612";"245";"EUR";"Hermes";"Hermes Paris Brown Canvas Herline Her Line PM Tote Handbag";"Hermes Brown Canvas Herline Her Line PM Tote Bag. It features snaps on both ends for expansion and is made of a durable polyester canvas. 3 snap button closure + upper zipper closure (with the possibility to add a padlock - NOT included). Canvas internal lining. Made in France Details MATERIAL: Nylon COLOR: Brown MODEL: Herline Her Line PM GENDER: Women COUNTRY OF MANUFACTURE: France SIZE: Small STYLE: Tote FEATURES: - CLOSURE: Button PATTERN: Solid PRODUCT LINE: Hermes Herline Her Line LINING MATERIAL: Canvas OCCASION: Casual HANDLE STYLE: Double Handles YEAR MANUFACTURED: 2010-2019 DUSTBAG? No, we will provide an organic cotton dustbag BOX? No KEYS? No Condition A - EXCELLENT Gently used.Some wear of use on bottom corners. Measurements BAG HEIGHT: 9 inches - 22,8 cm BAG LENGTH: 12 inches - 30.5 cm BAG DEPTH: 3 inches - 7.6 cm STRAP DROP: - HANDLE DROP: 3 inches - 7,6 cm";"BAGS";"Handbags";"Nylon";"Brown";"";"S";"";"";"12";"9";"3";"BAG HEIGHT: 9 inches - 22,8 cm BAG LENGTH: 12 inches - 30.5 cm BAG DEPTH: 3 inches - 7.6 cm STRAP DROP: - HANDLE DROP: 3 inches - 7,6 cm";"";"";"Please read item description";"A - EXCELLENT";"https://cdn.shopify.com/s/files/1/1593/2761/products/3d563703-fe0d-5237-93cc-b44da3f47ba9.jpg?v=1619002634";"https://cdn.shopify.com/s/files/1/1593/2761/products/b01f253b-2bcb-55ba-a75b-60e58a1e4be6.jpg?v=1619002637,https://cdn.shopify.com/s/files/1/1593/2761/products/c8efc870-ebcb-515b-95b6-7e721e83218f.jpg?v=1619002639,https://cdn.shopify.com/s/files/1/1593/2761/products/ab046387-128b-571e-a1b2-7b89cbe488ca.jpg?v=1619002641,https://cdn.shopify.com/s/files/1/1593/2761/products/56795105-2112-544f-9abe-cf6f01819607.jpg?v=1619002644,https://cdn.shopify.com/s/files/1/1593/2761/products/042ca237-d699-5899-8f7c-e4df9adc4eb2.jpg?v=1619002646,https://cdn.shopify.com/s/files/1/1593/2761/products/43e0d9ef-7084-5daf-95a6-abbab789f48f.jpg?v=1619002648,https://cdn.shopify.com/s/files/1/1593/2761/products/4407001c-762f-5924-b64f-7c4a89bdd11a.jpg?v=1619002650"
"1";"YSL15947-XX613";"190";"EUR";"Yves Saint Laurent";"Yves Saint Laurent Vintage Tan Grey Spotted Canvas Tote Shoulder Bag";"Vintage Yves Saint Laurent shoulder bag crafted in textured vinyl canvas with tan leather trim and shoulder straps. Magnetic button closure on top. YSL logo patch tab on the front. Signature lining with 1 side zip pocket inside. Details MATERIAL: Canvas COLOR: Grey MODEL: Tote bag GENDER: Women COUNTRY OF MANUFACTURE: France SIZE: Medium STYLE: Tote FEATURES: Lined CLOSURE: Zip PATTERN: Solid PRODUCT LINE: - LINING MATERIAL: OCCASION: Everyday HANDLE STYLE: Double Handles YEAR MANUFACTURED: 1980-1989 DUSTBAG? No, we will provide an organic cotton dustbag BOX? No KEYS? No Condition A - EXCELLENT In excellent condition. Some darkness on leather trim. Please check the photos carefully and ask if you need to know more details or if you have any doubts. Measurements BAG HEIGHT: 13.5 inches - 34.29 cm BAG LENGTH: 16.5 inches - 41.91 cm BAG DEPTH: 3 inches - 7.6 cm STRAP DROP: - HANDLE DROP: 11 inches - 27.9 cm";"BAGS";"Totes";"Canvas";"Gray";"0.00";"M";"";"";"16.5";"13.5";"3";"BAG HEIGHT: 13.5 inches - 34.29 cm BAG LENGTH: 16.5 inches - 41.91 cm BAG DEPTH: 3 inches - 7.6 cm STRAP DROP: - HANDLE DROP: 11 inches - 27.9 cm";"";"";"Please read item description";"A - EXCELLENT";"https://cdn.shopify.com/s/files/1/1593/2761/products/72cb9246-e23f-5f69-8110-1d7ddfb5f05e.jpg?v=1619006881";"https://cdn.shopify.com/s/files/1/1593/2761/products/4ccd6447-101a-59be-8325-78229c5f68f1.jpg?v=1619006883,https://cdn.shopify.com/s/files/1/1593/2761/products/060b5192-67f8-53d3-a8f4-1cb6af067987.jpg?v=1619006885,https://cdn.shopify.com/s/files/1/1593/2761/products/5fb2a05b-53d3-51a5-a23d-22952c790f66.jpg?v=1619006888,https://cdn.shopify.com/s/files/1/1593/2761/products/e12721fd-1ba1-5b7b-8a40-e583a85decd4.jpg?v=1619006890,https://cdn.shopify.com/s/files/1/1593/2761/products/84c0c620-d8dd-5aa5-942c-8599ff069e9e.jpg?v=1619006893"