0,0302213-XX,690,EUR,Louis Vuitton,Louis Vuitton Black Epi Leather Passy GM Shoulder Bag Satchel,"This bag will come with a Certificate of Authenticity provided by Entrupy, at no further cost. Louis Vuitton 'Passy GM' bag in black Epi leather with smooth leather trim. Silver-tone hardware. The top closes with a hook. Double rolled leather handle. Fine fabric lining. 2 main compartments and 1 middle zip compartment inside. 2 side open pockets inside. 'Louis Vuitton Paris - Made in France' tag inside. Serial number is inside the interior pocket (SN1017) Details MATERIAL: Leather COLOR: Black MODEL: Passy GM GENDER: Women COUNTRY OF MANUFACTURE: France SIZE: Medium STYLE: Tote FEATURES: Inner Pockets CLOSURE: Zip PATTERN: Solid PRODUCT LINE: Louis Vuitton Epi Passy LINING MATERIAL: Canvas OCCASION: Formal HANDLE STYLE: Double Handles YEAR MANUFACTURED: 2000-2009 DUSTBAG? No, we will provide an organic cotton dustbag BOX? No KEYS? No Condition A - EXCELLENT Gently used. Minimal wear of use on leather (light scratches). Please, see the photos and/or ask if you have any doubts or if you need more information. Measurements BAG HEIGHT: 10.5 inches - 26.67 cm BAG LENGTH: 15.5 inches - 39.37 cm BAG DEPTH: 5 inches - 12.7 cm STRAP DROP: - HANDLE DROP: 7 inches - 17.78 cm",BAGS,Totes,Leather,Black,0.00,M,,,15.5,10.5,5,BAG HEIGHT: 10.5 inches - 26.67 cm BAG LENGTH: 15.5 inches - 39.37 cm BAG DEPTH: 5 inches - 12.7 cm STRAP DROP: - HANDLE DROP: 7 inches - 17.78 cm,,,Please read item description,A - EXCELLENT,https://cdn.shopify.com/s/files/1/1593/2761/products/de17b9a4-0893-5fd4-9846-1c3e50491e44.jpg?v=1615204889,"https://cdn.shopify.com/s/files/1/1593/2761/products/81cffaac-7ad5-5734-b345-c2d58ac3831b.jpg?v=1615204891,https://cdn.shopify.com/s/files/1/1593/2761/products/8cb0dc97-4e69-5e07-8efd-cb9443219015.jpg?v=1615204893,https://cdn.shopify.com/s/files/1/1593/2761/products/de19c682-549f-5a2c-8853-e3c33b9b4b12.jpg?v=1615204895,https://cdn.shopify.com/s/files/1/1593/2761/products/7e4b2a6a-3c30-5bb3-9d65-0fbdb29e5968.jpg?v=1615204897"
0,DRSDE1028109-XX,50,EUR,Harley Davidson,Harley Davidson Mint Unisex Silver Sunglasses HD0927X 6006V 60-13-147 mm,Details MATERIAL: Metal COLOR: Silver MODEL: HD0927X 6006V GENDER: Adult Unisex COUNTRY OF MANUFACTURE: China TYPE: Sunglasses ORIGINAL CASE?: Yes STYLE: Oval OCCASION: Casual FEATURES: Lightweight LENS COLOR: Blue LENS TECHNOLOGY: No Extra YEAR MANUFACTURED: 2010-2019 VINTAGE?: No Condition A+ - MINT Measurements EYEWEAR MAX WIDTH:147 mm TEMPLE MAX. LENGTH:145 mm EYE / LENS MAX. WIDTH:60 mm EYE / LENS MAX. HEIGHT:41 mm BRIDGE MID. WIDTH:13 mm,ACCESSORIES,Sunglasses,Metal,Silver,90.00,Onesize,,,,,,EYEWEAR MAX WIDTH:147 mm TEMPLE MAX. LENGTH:145 mm EYE / LENS MAX. WIDTH:60 mm EYE / LENS MAX. HEIGHT:41 mm BRIDGE MID. WIDTH:13 mm,,,Please read item description,A+ - MINT,https://cdn.shopify.com/s/files/1/1593/2761/products/f64543739eec0796639d41942d867ce396e36ec4e.png?v=1616503821,"https://cdn.shopify.com/s/files/1/1593/2761/products/fc7c7b6d4b570154412fb6e3965dae00951880526.png?v=1616503821,https://cdn.shopify.com/s/files/1/1593/2761/products/fd66dc7e4be8b5f99589a41d24828b2aaed5aa349.png?v=1616503821,https://cdn.shopify.com/s/files/1/1593/2761/products/ff1b639e1069a2718483aef6b036a29cde95aea58.jpg?v=1616503821"
0,MYPRBR4992-MY,890,EUR,Prada,Prada Brown Vitello Daino Leather Tote Shoulder Bag BR4992,"This beautiful Bag will come with a Certificate of Authenticity provided by Entrupy. The certificate will be provided at no further cost. PRADA Vitello Daino leather tote bag. Mod. BR49922. Brown color (official Prada color is 'Brandy'). Simple and clean design, It features a removable and adjustable strap, double top handles. Upper zipper closure on top. Signature fabric lining with 1 side zip pocket and 1 smaller open pocket inside. Gold metal Prada lettering on the front. 'PRADA Milano' tag inside. Small tag with number inside the internal pocket. Made in Italy Details MATERIAL: Leather COLOR: Brown MODEL: BR4992 GENDER: Women COUNTRY OF MANUFACTURE: Italy SIZE: Medium STYLE: Tote FEATURES: Detachable Strap CLOSURE: Zip PATTERN: Solid PRODUCT LINE: Prada Vitello Daino LINING MATERIAL: Canvas OCCASION: Everyday HANDLE STYLE: Double Handles YEAR MANUFACTURED: 2000-2009 DUSTBAG? Yes BOX? No KEYS? No Condition A - EXCELLENT Gently used. Minimal darkness on leather due to normal use. Some wear of use on bottom corners. Please check the photos carefully and ask if you need to know more details or if you have any doubts. Measurements BAG HEIGHT: 11 inches - 27.94 cm BAG LENGTH: 14 inches - 35.56 cm BAG DEPTH: 6 inches - 15.24 cm STRAP DROP: 18 inches - 45,7 cm HANDLE DROP: 5 inches - 12.7 cm",BAGS,Totes,Leather,Brown,0.00,M,,,14,11,6,"BAG HEIGHT: 11 inches - 27.94 cm BAG LENGTH: 14 inches - 35.56 cm BAG DEPTH: 6 inches - 15.24 cm STRAP DROP: 18 inches - 45,7 cm HANDLE DROP: 5 inches - 12.7 cm",,,Please read item description,A - EXCELLENT,https://cdn.shopify.com/s/files/1/1593/2761/products/b8154948-c11f-544d-b0fe-52072b85cb89.jpg?v=1614778384,"https://cdn.shopify.com/s/files/1/1593/2761/products/9674caa0-74e1-5d32-9e88-a18eaaf04b30.jpg?v=1614778386,https://cdn.shopify.com/s/files/1/1593/2761/products/5962bfe1-d670-5e32-8b4d-0a5ee747224e.jpg?v=1614778388,https://cdn.shopify.com/s/files/1/1593/2761/products/be90eb54-d179-595c-ba08-85bb17e32478.jpg?v=1614778390,https://cdn.shopify.com/s/files/1/1593/2761/products/7b54d4a9-d33f-592b-a35e-6ce3c055e468.jpg?v=1614778392,https://cdn.shopify.com/s/files/1/1593/2761/products/255e8219-82f0-545a-be09-3da17b983470.jpg?v=1614778394,https://cdn.shopify.com/s/files/1/1593/2761/products/0f44c145-2995-5ca6-bf75-f530c107bd21.jpg?v=1614778396,https://cdn.shopify.com/s/files/1/1593/2761/products/ada57065-ee7a-55b2-acf5-59de5acc725e.jpg?v=1614778398"
1,GG24143-XX607,220,EUR,Gucci,Gucci Vintage Beige GG Monogram Canvas Web Shopping Bag Tote,"Beautiful Gucci tote made in monogram canvas with genuine leather trim. Green/Red/Green striped canvas shoulder straps. 1 front pocket with magnetic button closure. Upper zipper closure. .Beige canvas lining. 'GUCCI - Made in Italy' tag inside (with serial number on its reverse). Details MATERIAL: Canvas COLOR: Beige MODEL: - GENDER: Women COUNTRY OF MANUFACTURE: Italy SIZE: Medium STYLE: Tote FEATURES: Lightweight CLOSURE: Zip PATTERN: Monogram PRODUCT LINE: Gucci Monogram LINING MATERIAL: Canvas OCCASION: Everyday HANDLE STYLE: Double Handles YEAR MANUFACTURED: 1990-1999 DUSTBAG? No, we will provide an organic cotton dustbag BOX? No KEYS? No Condition B - VERY GOOD Gently used. Some wear of use on bottom corners. Minimal wear of use on the upper leather trim. Some darkness and some small stains on the internal lining. Please check the photos carefully and ask if you need to know more details or if you have any doubts. Measurements BAG HEIGHT: 15.5 inches - 39.37 cm BAG LENGTH: 14.5 inches - 36.83 cm BAG DEPTH: 3 inches - 7.62 cm STRAP DROP: - HANDLE DROP: 8 inches - 20.32 cm",BAGS,Totes,Canvas,Beige,0.00,M,,,14.5,15.5,3,BAG HEIGHT: 15.5 inches - 39.37 cm BAG LENGTH: 14.5 inches - 36.83 cm BAG DEPTH: 3 inches - 7.62 cm STRAP DROP: - HANDLE DROP: 8 inches - 20.32 cm,,,Please read item description,B - VERY GOOD,https://cdn.shopify.com/s/files/1/1593/2761/products/1d1ded08-b387-5a40-b6ff-6bf9d9b784de.jpg?v=1615484849,"https://cdn.shopify.com/s/files/1/1593/2761/products/7c93ef66-fba2-552b-a889-291d8944832a.jpg?v=1615484851,https://cdn.shopify.com/s/files/1/1593/2761/products/ca313a90-fa93-5965-8fda-9cb6eab9919c.jpg?v=1616510583,https://cdn.shopify.com/s/files/1/1593/2761/products/84bd1318-f4a8-5fa4-9515-e2d7ce1e27fd.jpg?v=1616510585,https://cdn.shopify.com/s/files/1/1593/2761/products/ef3a52af-7644-5fbd-8c99-88d698e48ef9.jpg?v=1616510588,https://cdn.shopify.com/s/files/1/1593/2761/products/8c230396-f965-5004-80d9-b7e3a367fc0d.jpg?v=1616510590,https://cdn.shopify.com/s/files/1/1593/2761/products/15b71fcb-0601-5285-a36e-feb660c904eb.jpg?v=1616510593"
1,GG14977-XX608,260,EUR,Gucci,Gucci Stainless Steel Women G Wrist Watch 102 Black Dial,Gucci stainless steel ladies wrist watch. Model 102. G-shaped stainless steel case. Quartz movement. Water Resistant (up to 3 ATM). Black dial. Swiss Made. Gucci written on the face. Stainless steel chain wrist strap. Clasp with snap closure (see images). Will fit up to approx.6 inches - 15.24 cm wrist. Condition A - EXCELLENT In working condition. Some light superficial scratches on case. Gucci original box included. Please check the photos carefully and ask if you need to know more details or if you have any doubts. Details MATERIAL: Stainless steel COLOR: Silver MODEL: 102 GENDER: Women COUNTRY OF MANUFACTURE: Switzerland TYPE: Wristwatch STYLE: Classic FEATURES: Swiss Made MOVEMENT: Quartz OCCASION: Everyday VINTAGE?: No YEAR MANUFACTURED: 2000-2009 BOX?: No DIAL COLOR: Black WATER RESISTANCE: DIAL STYLE: 12-Hour Dial BAND TYPE: Bracelet SERIAL NUMBER: 10271418 HANDEDNESS: Both Hands BAND WIDTH:3 mm BAND MATERIAL:Stainless Steel CASE COLOR:Silver DISPLAY:Analog CASE SIZE:13 mm,JEWELRY,Watches,Steel,Silver,0.00,Onesize,,,,,,,,,Please read item description,A - EXCELLENT,https://cdn.shopify.com/s/files/1/1593/2761/products/60bb0ebc-93ef-54f8-b725-fc995d0aebb5.jpg?v=1616519807,"https://cdn.shopify.com/s/files/1/1593/2761/products/112164f7-181d-5bb6-95e9-ebf938825444.jpg?v=1616519808,https://cdn.shopify.com/s/files/1/1593/2761/products/a8f0d28b-7b2a-5105-ad3d-6d4564e438ab.jpg?v=1616519808,https://cdn.shopify.com/s/files/1/1593/2761/products/8cdf0351-1474-592a-8531-c871f259bcbd.jpg?v=1616519808,https://cdn.shopify.com/s/files/1/1593/2761/products/8844444a-707f-5e50-b680-3671be9c05b0.jpg?v=1616519808,https://cdn.shopify.com/s/files/1/1593/2761/products/9c4fc079-e984-5e81-9c2e-33f3ae3e7445.jpg?v=1616519808"
0,SB-67845139-JVS,360,EUR,Gucci,Gucci Vintage Pink Lucite Wrist Watch Bracelet Bangle Rare,"Beautiful vintage bangle wristwatch by GUCCI in translucent pink lucite. 17 Jewels Swiss Wind-Up. Light gold dial. Clasp closure. 'GUCCI' and 'Italy' embossed on the dial. Bracelet diameter: 2.25 Inches - 5,8 cm. Case diameter: 35 mm (38 mm including crown) Condition B - VERY GOOD The watch is in working condition. Light surface scratches on plexiglass. Please check the photos carefully and ask if you need to know more details or if you have any doubts. Details MATERIAL: Plastic COLOR: Pink MODEL: - GENDER: Women COUNTRY OF MANUFACTURE: Switzerland TYPE: Wristwatch STYLE: Classic FEATURES: Swiss Made MOVEMENT: Mechanical (Hand-winding) OCCASION: Everyday VINTAGE?: Yes YEAR MANUFACTURED: 1970-1979 BOX?: No DIAL COLOR: Gold WATER RESISTANCE:30 m (3 ATM) DIAL STYLE: 12-Hour Dial BAND TYPE: Bracelet SERIAL NUMBER: - HANDEDNESS: Both Hands BAND WIDTH:- BAND MATERIAL:Plastic CASE COLOR:Pink DISPLAY:Analog CASE SIZE:35 mm",JEWELRY,Watches,Plastic,Pink,0.00,Onesize,,,,,,,,,Please read item description,B - VERY GOOD,https://cdn.shopify.com/s/files/1/1593/2761/products/e867f064-304c-58a4-9a75-dd2d2fa12cf2.jpg?v=1608119559,"https://cdn.shopify.com/s/files/1/1593/2761/products/d6a6e1aa-5d38-51a5-a928-7bdc48b7e7cb.jpg?v=1608119561,https://cdn.shopify.com/s/files/1/1593/2761/products/a4b25c04-8098-51f6-bc67-387e506ae06c.jpg?v=1608119563,https://cdn.shopify.com/s/files/1/1593/2761/products/93df777a-f03f-5084-88d4-04d9e08e6b21.jpg?v=1608119566,https://cdn.shopify.com/s/files/1/1593/2761/products/aac757c0-fa82-5528-9a52-2abfd3622574.jpg?v=1608119568,https://cdn.shopify.com/s/files/1/1593/2761/products/4a695156-3514-5945-9e17-1d3d5f9d3cb4.jpg?v=1608119570,https://cdn.shopify.com/s/files/1/1593/2761/products/01c29ee9-e57b-5573-926e-a78eea6adcdd.jpg?v=1608119573,https://cdn.shopify.com/s/files/1/1593/2761/products/e5596c46-2075-5230-b51f-cccfa167145a.jpg?v=1608119575,https://cdn.shopify.com/s/files/1/1593/2761/products/95533661-2468-59bb-be6c-fee2ba18728f.jpg?v=1608119577"
2,DRSDE1004082-XX,209,EUR,Bvlgari,Bvlgari Mint Women Gold Sunglasses BV6103 20131857 57-17-139 mm,Details MATERIAL: Metal COLOR: Gold MODEL: BV6103 20131857 GENDER: Women COUNTRY OF MANUFACTURE: Italy TYPE: Sunglasses ORIGINAL CASE?: Yes STYLE: Rectangle OCCASION: Casual FEATURES: Lightweight LENS COLOR: Brown LENS TECHNOLOGY: Gradient YEAR MANUFACTURED: 2010-2019 VINTAGE?: No Condition A+ - MINT Measurements EYEWEAR MAX WIDTH:139 mm TEMPLE MAX. LENGTH:140 mm EYE / LENS MAX. WIDTH:57 mm EYE / LENS MAX. HEIGHT:49 mm BRIDGE MID. WIDTH:17 mm,ACCESSORIES,Sunglasses,Metal,Gold,363.00,Onesize,,,,,,EYEWEAR MAX WIDTH:139 mm TEMPLE MAX. LENGTH:140 mm EYE / LENS MAX. WIDTH:57 mm EYE / LENS MAX. HEIGHT:49 mm BRIDGE MID. WIDTH:17 mm,,,Please read item description,A+ - MINT,https://cdn.shopify.com/s/files/1/1593/2761/products/f7f2a47eaede503f05da89017beab02bdcae597b2.png?v=1613450021,"https://cdn.shopify.com/s/files/1/1593/2761/products/f23d8e009dd8183859c8cd05e6598ee3a72cc9ae5.png?v=1613450021,https://cdn.shopify.com/s/files/1/1593/2761/products/f6734fe3c3de5cc5d4104df16005b5ebc7e24a3e4.png?v=1613450021,https://cdn.shopify.com/s/files/1/1593/2761/products/fd6ccbab2c502f5af6497b8e5893f66451748c7a0.jpg?v=1613450021,https://cdn.shopify.com/s/files/1/1593/2761/products/f4dea9e39d17fe25582d17ba27883b3656021670a.png?v=1616590328,https://cdn.shopify.com/s/files/1/1593/2761/products/f5a2228d1d730f25408489ba0442d385e2c34eab1.png?v=1616590328,https://cdn.shopify.com/s/files/1/1593/2761/products/fff002c5f37ebca858dc092c8ec211f55ba96f3c5.png?v=1616590328,https://cdn.shopify.com/s/files/1/1593/2761/products/f06398393790569f5af7f31521bb70f71a4ad4f20.jpg?v=1616590328"
2,DRSDE1004084-XX,209,EUR,Bvlgari,Bvlgari Mint Women Gold Sunglasses BV6103 20131457 57-17-139 mm,Details MATERIAL: Metal COLOR: Gold MODEL: BV6103 20131457 GENDER: Women COUNTRY OF MANUFACTURE: Italy TYPE: Sunglasses ORIGINAL CASE?: Yes STYLE: Rectangle OCCASION: Casual FEATURES: Lightweight LENS COLOR: Brown LENS TECHNOLOGY: Gradient YEAR MANUFACTURED: 2010-2019 VINTAGE?: No Condition A+ - MINT Measurements EYEWEAR MAX WIDTH:139 mm TEMPLE MAX. LENGTH:140 mm EYE / LENS MAX. WIDTH:57 mm EYE / LENS MAX. HEIGHT:48 mm BRIDGE MID. WIDTH:17 mm,ACCESSORIES,Sunglasses,Metal,Gold,363.00,Onesize,,,,,,EYEWEAR MAX WIDTH:139 mm TEMPLE MAX. LENGTH:140 mm EYE / LENS MAX. WIDTH:57 mm EYE / LENS MAX. HEIGHT:48 mm BRIDGE MID. WIDTH:17 mm,,,Please read item description,A+ - MINT,https://cdn.shopify.com/s/files/1/1593/2761/products/fcb2b5d134a961987aa04bc9ada887b9daeb15fc3.png?v=1613450033,"https://cdn.shopify.com/s/files/1/1593/2761/products/f950a305da9d4eaf3e2045fa2a082c4f9ce5c047d.png?v=1613450033,https://cdn.shopify.com/s/files/1/1593/2761/products/f1545aed6be65affe9b14e80fd0fe87a2e03d3f44.png?v=1613450033,https://cdn.shopify.com/s/files/1/1593/2761/products/f0c3d50127c0e1b486cd6a6fecea18d4704db21b7.jpg?v=1613450033,https://cdn.shopify.com/s/files/1/1593/2761/products/f65ce7e15308e1e99b4df91c550cfffa66a767e1d.png?v=1616590375,https://cdn.shopify.com/s/files/1/1593/2761/products/fd96e805766892465b799880970077b943bb9026d.png?v=1616590375,https://cdn.shopify.com/s/files/1/1593/2761/products/f700254ca2e74bd9a0fe48866aecd3f075f74d0b5.png?v=1616590375,https://cdn.shopify.com/s/files/1/1593/2761/products/f704cc0763beaae02385a8d3d00d7fd9f7a64ba7d.jpg?v=1616590375"
0,DRSDE1003374-XX,67,EUR,Web,Web Mint Women Black Sunglasses WE0218 5101C 51-21-143 mm,Details MATERIAL: Metal COLOR: Black MODEL: WE0218 5101C GENDER: Women COUNTRY OF MANUFACTURE: China TYPE: Sunglasses ORIGINAL CASE?: Yes STYLE: Round OCCASION: Casual FEATURES: Lightweight LENS COLOR: Grey LENS TECHNOLOGY: Gradient YEAR MANUFACTURED: 2010-2019 VINTAGE?: No Condition A+ - MINT Measurements EYEWEAR MAX WIDTH:143 mm TEMPLE MAX. LENGTH:140 mm EYE / LENS MAX. WIDTH:51 mm EYE / LENS MAX. HEIGHT:51 mm BRIDGE MID. WIDTH:21 mm,ACCESSORIES,Sunglasses,Metal,Black,150.00,Onesize,,,,,,EYEWEAR MAX WIDTH:143 mm TEMPLE MAX. LENGTH:140 mm EYE / LENS MAX. WIDTH:51 mm EYE / LENS MAX. HEIGHT:51 mm BRIDGE MID. WIDTH:21 mm,,,Please read item description,A+ - MINT,https://cdn.shopify.com/s/files/1/1593/2761/products/fc2c965fe9c7aaf05cbd91f8ec728c01b242cafda.png?v=1613450835,"https://cdn.shopify.com/s/files/1/1593/2761/products/fab0a0075affb304e9798bb0a2fd257b27b4c3097.png?v=1613450835,https://cdn.shopify.com/s/files/1/1593/2761/products/fc20b48a303ce4b6bf44659c3240e15625cecee5b.png?v=1613450835,https://cdn.shopify.com/s/files/1/1593/2761/products/f27158b2e70700adf6c03b79b6f0f9311c13bf491.jpg?v=1613450835,https://cdn.shopify.com/s/files/1/1593/2761/products/fe793f010aec236f09b004f5687b1bb7f839b57d8.png?v=1616591216,https://cdn.shopify.com/s/files/1/1593/2761/products/f5546bcd9e25a4ce9a2037bc59e86061384e225d3.png?v=1616591216,https://cdn.shopify.com/s/files/1/1593/2761/products/fb35c6dd86ca3706eb0f27f0b9c8b38365700ec89.png?v=1616591216,https://cdn.shopify.com/s/files/1/1593/2761/products/f095c2101be4d206829799dcad4542f1741c6ea87.jpg?v=1616591216"
0,JVS2103154-XX,90,EUR,Gucci,Gucci Blue Monogram Canvas Leather Spectacle Eyeglasses Case Cover,"Vintage Gucci blue monogram, canvas eyeglasses/spectacle case. Blue/red/blue stripes detailing. Flap with button closure- Leather lining. 'Made in Italy by Gucci' embossed inside (discolored). Measurements: 7 x 2.5 inches - 17.8 x 6.4 cm Details MATERIAL: Canvas COLOR: Blue MODEL: Spectacle Eyeglasses Case GENDER: Unisex Adults COUNTRY OF MANUFACTURE: Italy SIZE: Small FABRIC TYPE: Canvas STYLE: Fashionable ACCENTS: Logo TYPE: Dust Cover FEATURES: All Seasons PRODUCT LINE: Gucci Monogram OCCASION: Everyday YEAR MANUFACTURED: 1970-1979 DUSTBAG? No, we will provide an organic cotton dustbag BOX? No KEYS? No Condition B - VERY GOOD Gently used. Some normal wear of use on leather inside. Please check the photos carefully and ask if you need to know more details or if you have any doubts. Measurements BAG HEIGHT: 7 inches - 17.78 cm BAG LENGTH: 2.5 inches - 6.35 cm BAG DEPTH: -",ACCESSORIES,Home & Office,Canvas,Blue,0.00,S,,,,,,,,,Please read item description,B - VERY GOOD,https://cdn.shopify.com/s/files/1/1593/2761/products/5c61ce6c-24d6-5e49-84a9-8122b1882aba.jpg?v=1616085991,"https://cdn.shopify.com/s/files/1/1593/2761/products/140cc4a3-603b-58e6-9901-a541d3e04d9d.jpg?v=1616085993,https://cdn.shopify.com/s/files/1/1593/2761/products/f9b0d1d3-c315-5b00-bd6c-3cde66c51437.jpg?v=1616085996,https://cdn.shopify.com/s/files/1/1593/2761/products/5ad7ad7d-2b7c-55d0-a20e-4f5e91d82be2.jpg?v=1616085998,https://cdn.shopify.com/s/files/1/1593/2761/products/c0effcc4-30c3-5b74-80c8-e4501ac4d90d.jpg?v=1616086000,https://cdn.shopify.com/s/files/1/1593/2761/products/2ad06d93-2676-5c21-869d-38f65f99a093.jpg?v=1616086002"
0,SB-GGLTD4AC-XX,950,EUR,Gucci,Gucci Flora Canvas Fuchsia Leather Medium Jackie Hobo Bag,"Beautiful Gucci 'Flora' Medium Jackie Bag. The bag is crafted in 'Flora' canvas with fuchsia leather trim and handle, Gold metal piston classic 'Jackie' closure. Canvas internal lining. Phone pockets and other side zipper pocket inside. 'GUCCI - Made in Italy' tag inside (with serial number on its reverse). Details MATERIAL: Canvas COLOR: Pink MODEL: Gucci Jackie Flora GENDER: Women COUNTRY OF MANUFACTURE: Italy SIZE: Medium STYLE: Hobo Bag FEATURES: Lined PRODUCT LINE: Gucci Jackie Flora LINING MATERIAL: Canvas OCCASION: Everyday HANDLE STYLE: Shoulder Strap YEAR MANUFACTURED: 2010-2019 DUSTBAG? Yes BOX? No KEYS? No Condition A+ - MINT The bag is in perfect condition. Never worn or used. Gucci dustbag and cards are included. Please check the photos carefully and ask if you need to know more details or if you have any doubts. Measurements BAG HEIGHT: 9 inches - 22.86 cm BAG LENGTH: 13 inches - 33.02 cm BAG DEPTH: 2 inches - 5.08 cm STRAP DROP: 7 inches - 17.78 cm HANDLE DROP: -",BAGS,Hobos,Canvas,Pink,0.00,M,,,13,9,2,BAG HEIGHT: 9 inches - 22.86 cm BAG LENGTH: 13 inches - 33.02 cm BAG DEPTH: 2 inches - 5.08 cm STRAP DROP: 7 inches - 17.78 cm HANDLE DROP: -,,,Please read item description,A+ - MINT,https://cdn.shopify.com/s/files/1/1593/2761/products/d654a607-05a5-52e9-bf57-5c6d893c84f1.jpg?v=1605009240,"https://cdn.shopify.com/s/files/1/1593/2761/products/d5483a91-d8f3-52be-ae91-b3ba29195987.jpg?v=1605009243,https://cdn.shopify.com/s/files/1/1593/2761/products/39cfc4cc-7984-5238-989f-a301bb7ec004.jpg?v=1605009245,https://cdn.shopify.com/s/files/1/1593/2761/products/22e03e21-a6c6-59f7-830b-31b240d5d0d8.jpg?v=1605009247,https://cdn.shopify.com/s/files/1/1593/2761/products/0b6796f4-4ed5-59f2-8100-13048be1c16e.jpg?v=1605009249"
1,PERSOLSCOOPDB-XX,135,EUR,Persol,Persol Vintage Mint Unisex Scoop Gold Brown Sunglasses 50/18 142 mm,"PERSOL Vintage Sunglasses- Model: SCOOP - Col. DB. Gold metal rectangular frame, with brown havana acetate ear stems. Original Persol green 100% UV protection lenses (PERSOL mark on each lens). Meflecto System on arms (2 metal pins which are inserted vertically into the ear stems and provide flexibility in the stems). Made in Italy. Style & Refs: SCOOP - DB - 50/18 - 142 Details MATERIAL: Metal COLOR: Gold MODEL: Scoop GENDER: Unisex Adults COUNTRY OF MANUFACTURE: Italy TYPE: Sunglasses ORIGINAL CASE?: No, we will provide a generic case STYLE: Rectangle OCCASION: Everyday FEATURES: Lightweight LENS COLOR: Green LENS TECHNOLOGY: Anti-Reflective YEAR MANUFACTURED: 1990-1999 VINTAGE?: Yes Condition A+ - MINT NEW OLD STOCK - Never worn or used Measurements EYEWEAR MAX WIDTH:136 mm TEMPLE MAX. LENGTH: 140 mm EYE / LENS MAX. WIDTH: 50 mm EYE / LENS MAX. HEIGHT: 33 mm BRIDGE MID. WIDTH: 18 mm",ACCESSORIES,Sunglasses,Metal,Beige,0.00,Onesize,,,,,,EYEWEAR MAX WIDTH:136 mm TEMPLE MAX. LENGTH: 140 mm EYE / LENS MAX. WIDTH: 50 mm EYE / LENS MAX. HEIGHT: 33 mm BRIDGE MID. WIDTH: 18 mm,,,Please read item description,A+ - MINT,https://cdn.shopify.com/s/files/1/1593/2761/products/0c46487b-6684-5856-b0c1-8651a0fb5e4d.jpg?v=1611571395,"https://cdn.shopify.com/s/files/1/1593/2761/products/0099853c-7289-53dc-a419-89ce43984436.jpg?v=1611571398,https://cdn.shopify.com/s/files/1/1593/2761/products/369717bf-e23c-53fa-80f3-b896bce702d2.jpg?v=1611571400,https://cdn.shopify.com/s/files/1/1593/2761/products/7c11ab32-4845-5bef-aaf6-24eb44297a2b.jpg?v=1611571401,https://cdn.shopify.com/s/files/1/1593/2761/products/72d15cd1-7f99-5a0c-9729-d42403bf3764.jpg?v=1611571403"
0,DIOR2866-XX,98,EUR,Christian Dior,Christian Dior Vintage Mint Eyeglasses 2866 12 E Optyl 53/13 125 mm,"Vintage Eyeglasses by Christian Dior Mod. 2866, from the 90s. Made in Austria. Honey color Optyl frame with gold metal accents. Clear / trasparent DEMO lens, with Christian Dior signature. Model refs: Mod. CD 2866 - Col. 12E - 53/13 - 125 Details MATERIAL: Acetate COLOR: Orange MODEL: 2866 - 12 E GENDER: Unisex Adults COUNTRY OF MANUFACTURE: Austria TYPE: Eyeglasses ORIGINAL CASE?: No, we will provide a generic case STYLE: Oval OCCASION: Everyday FEATURES: Lightweight LENS COLOR: Clear LENS TECHNOLOGY: - YEAR MANUFACTURED: 1990-1999 VINTAGE?: Yes Condition A+ - MINT NOS (NEW OLD STOCK) - Never Worn or Used - They will come with a GENERIC Case Measurements EYEWEAR MAX WIDTH:133 mm TEMPLE MAX. LENGTH: 125 mm EYE / LENS MAX. WIDTH: 53 mm EYE / LENS MAX. HEIGHT: 35 mm BRIDGE MID. WIDTH: 13 mm",ACCESSORIES,Eyeglasses,Acetate,Orange,,Onesize,,,,,,EYEWEAR MAX WIDTH:133 mm TEMPLE MAX. LENGTH: 125 mm EYE / LENS MAX. WIDTH: 53 mm EYE / LENS MAX. HEIGHT: 35 mm BRIDGE MID. WIDTH: 13 mm,,,Please read item description,A+ - MINT,https://cdn.shopify.com/s/files/1/1593/2761/products/4722863a-5f3f-5689-a13a-1c3e0387d64f.jpg?v=1612290826,"https://cdn.shopify.com/s/files/1/1593/2761/products/a79274da-39a0-5b71-8880-7264d8287f22.jpg?v=1612290828,https://cdn.shopify.com/s/files/1/1593/2761/products/0cc47abb-38d6-5e29-aff4-f350830b76c7.jpg?v=1612290831,https://cdn.shopify.com/s/files/1/1593/2761/products/9f177cea-bf18-5ca7-ac4d-f461bcb4fe83.jpg?v=1612290833,https://cdn.shopify.com/s/files/1/1593/2761/products/26cad59c-b391-5227-9337-0ff3cc32b809.jpg?v=1612290835,https://cdn.shopify.com/s/files/1/1593/2761/products/4d6b07e6-47d8-5972-b711-53a1e8cf2416.jpg?v=1612290837"
0,PERSOL830142-XX,185,EUR,Persol,Persol Vintage Black Acetate Mint Sunglasses 830 95 56-18 142 mm,"PERSOL sunglasses mod. 830. Cat-eye handmade black acetate sunglasses from early 90s by PERSOL. Exclusive design for italian VIP actress, ORNELLA MUTI. MEFLECTO system on the arms (4 metal pins which are inserted vertically into the ear stems and provide flexibility in the stems). Green color lens (PERSOL mark on each lens). Made in Italy. Style & Refs: 830 - 56/18 - 142 - 95 Details MATERIAL: Acetate COLOR: Black MODEL: 830 - 95 GENDER: Women COUNTRY OF MANUFACTURE: Italy TYPE: Sunglasses ORIGINAL CASE?: No, we will provide a generic case STYLE: Cat Eye OCCASION: Everyday FEATURES: Lightweight LENS COLOR: Green LENS TECHNOLOGY: Anti-Reflective YEAR MANUFACTURED: 1990-1999 VINTAGE?: Yes Condition A+ - MINT NEW OLD STOCK - Never worn or used Measurements EYEWEAR MAX WIDTH:140 mm TEMPLE MAX. LENGTH: 140 mm EYE / LENS MAX. WIDTH: 56 mm EYE / LENS MAX. HEIGHT: 38 mm BRIDGE MID. WIDTH: 18 mm",ACCESSORIES,Sunglasses,Acetate,Black,0.00,Onesize,,,,,,EYEWEAR MAX WIDTH:140 mm TEMPLE MAX. LENGTH: 140 mm EYE / LENS MAX. WIDTH: 56 mm EYE / LENS MAX. HEIGHT: 38 mm BRIDGE MID. WIDTH: 18 mm,,,Please read item description,A+ - MINT,https://cdn.shopify.com/s/files/1/1593/2761/products/ea2504ea-eb2f-5ff4-91e5-39a30de5683e.jpg?v=1615828326,"https://cdn.shopify.com/s/files/1/1593/2761/products/936958aa-26c0-513f-9318-c8d90cf3e132.jpg?v=1615828329,https://cdn.shopify.com/s/files/1/1593/2761/products/1123e58e-e0d7-511d-b00f-150da31e4101.jpg?v=1615828332,https://cdn.shopify.com/s/files/1/1593/2761/products/6af90e95-0c03-5d64-a95d-0617e20e4f2b.jpg?v=1615828334,https://cdn.shopify.com/s/files/1/1593/2761/products/46bca900-ead9-5f91-bae0-53dfe81e85df.jpg?v=1615828336,https://cdn.shopify.com/s/files/1/1593/2761/products/1f361627-9586-5c09-b948-f318675b0150.jpg?v=1615828338"
1,98216523-CSEC,140,EUR,Top Alta Moda Roma,Top Alta Moda Roma Vintage Beige Beaded Jacket Size M,Gorgeous vintage encrusted jacket signed Top Alta Moda Roma.Beautiful floral beads and sequin embellishmemt. Short sleeve styling. Concealed button closure on the front. Lined. Size is not indicated. Estimated size is a MEDIUM size Details MATERIAL: Silk COLOR: Beige MODEL: - GENDER: Women COUNTRY OF MANUFACTURE: Italy OCCASION: Party/Cocktail SIZE: 44 IT PATTERN: Floral CLOSURE: Button FABRIC TYPE: Twill SEASON: Spring VINTAGE?: Yes YEAR MANUFACTURED: 1980-1989 COLLAR STYLE: Collarless JACKET or COAT LENGTH: Short SIZE TYPE: Regular GENERIC SIZE: M DRESS LENGTH: SLEEVE LENGTH TYPE: Short Sleeve NECKLINE: Round Neck SLEEVE TYPE: - Condition A - EXCELLENT Gently used. Imperceptible signs of wear. Please check the photos carefully and ask if you need to know more details or if you have any doubts. Measurements SHOULDER TO SHOULDER: 17 inches - 43.18 cm BUST: 19 inches - 48.26 cm (flat - from side to side) SLEEVE LENGTH: 11 inches - 27.9 cm TOTAL LENGTH: 25 inches - 63.5 cm WAIST: HIPS: FROM WAIST TO HEM:,CLOTHING,Outerwear,Silk,Beige,0.00,44,,44,,,,,,,Please read item description,A - EXCELLENT,https://cdn.shopify.com/s/files/1/1593/2761/products/3cfed151-070c-583d-8c39-2eee3a5e1564.jpg?v=1616595572,"https://cdn.shopify.com/s/files/1/1593/2761/products/1fdf8a66-c5fe-5b81-8e8b-0fffc5354f85.jpg?v=1616595575,https://cdn.shopify.com/s/files/1/1593/2761/products/707c9dca-06ac-5a95-a913-a1fbf9cbb090.jpg?v=1616595577,https://cdn.shopify.com/s/files/1/1593/2761/products/e7269315-a576-5d1f-92e4-92eaa849be26.jpg?v=1616595580"
1,67901232-CSEC,140,EUR,Top Alta Moda Roma,Top Alta Moda Roma Vintage Floral Embellished Jacket Size M,"Gorgeous vintage encrusted jacket signed Top Alta Moda Roma. Beautiful floral beads and sequin embellishment. Short sleeve styling. Button closure on the front. Lined. Size is not indicated. Estimated size is a MEDIUM size Details MATERIAL: Silk COLOR: Multicolor MODEL: - GENDER: Women COUNTRY OF MANUFACTURE: Italy OCCASION: Party/Cocktail SIZE: 44 IT PATTERN: Floral CLOSURE: Button FABRIC TYPE: Twill SEASON: Spring VINTAGE?: Yes YEAR MANUFACTURED: 1980-1989 COLLAR STYLE: Collarless JACKET or COAT LENGTH: Short SIZE TYPE: Regular GENERIC SIZE: M DRESS LENGTH: SLEEVE LENGTH TYPE: Short Sleeve NECKLINE: Round Neck SLEEVE TYPE: - Condition A - EXCELLENT Gently used. Imperceptible signs of wear. Please check the photos carefully and ask if you need to know more details or if you have any doubts. Measurements SHOULDER TO SHOULDER: 17 inches - 43.18 cm BUST: 18 inches - 45.7 cm (flat - from side to side) SLEEVE LENGTH: 11 inches - 27.9 cm TOTAL LENGTH: 21 inches - 53,3 cm WAIST: HIPS: FROM WAIST TO HEM:",CLOTHING,Outerwear,Silk,Multicolor,0.00,44,,44,,,,,,,Please read item description,A - EXCELLENT,https://cdn.shopify.com/s/files/1/1593/2761/products/db5d1bd5-600f-54fc-9fd7-0c7c61ef35da.jpg?v=1616598144,"https://cdn.shopify.com/s/files/1/1593/2761/products/279417b8-8453-5873-bcf4-5693c3395b16.jpg?v=1616598146,https://cdn.shopify.com/s/files/1/1593/2761/products/db1b479f-8428-53f1-a129-8e8572588379.jpg?v=1616598148,https://cdn.shopify.com/s/files/1/1593/2761/products/de64b6b7-3c81-58db-8e2e-bab85fe268f0.jpg?v=1616598151"
1,89125430-EM,140,EUR,Mariselaine,Mariselaine Vintage Black Beaded Fringed Flapper Dress Size S,"Vintage beaded and sequinned evening party dress signed Mariselaine. Flapper style. Scoop neckline. Beaded fringed hem. Rear zip closure. Lined. Size is not indicated. Estimated size is SMALL size. Details STYLE: Sheath MATERIAL: Viscose COLOR: Black MODEL: - GENDER: Women COUNTRY OF MANUFACTURE: Italy OCCASION: Party/Cocktail SIZE: 42 IT PATTERN: Solid CLOSURE: Zip FABRIC TYPE: Viscose SEASON: Spring VINTAGE?: Yes YEAR MANUFACTURED: 1980-1989 SIZE TYPE: Regular GENERIC SIZE: S DRESS LENGTH: Short SLEEVE LENGTH TYPE: Sleeveless NECKLINE: Scoop Neck SLEEVE TYPE: - Condition A - EXCELLENT Gently used. Please check the photos carefully and ask if you need to know more details or if you have any doubts. Measurements SHOULDER TO SHOULDER: - BUST: 17 inches - 43,2 cm (flat - from underarm to underarm) SLEEVE LENGTH: - TOTAL LENGTH: 42 inches - 106.68 cm WAIST: 15 inches - 38,1 cm (flat - from side to side) HIPS: 18.5 inches - 47 cm (flat - from side to side) FROM WAIST TO HEM:",CLOTHING,Dresses,Viscose,Black,0.00,42,,42,,,,,,,Please read item description,A - EXCELLENT,https://cdn.shopify.com/s/files/1/1593/2761/products/85e2427e-d0f3-5f1b-8bb9-8c6278e9f962.jpg?v=1616599812,"https://cdn.shopify.com/s/files/1/1593/2761/products/488821c7-ad95-5ac5-9add-6ca8eee23504.jpg?v=1616599814,https://cdn.shopify.com/s/files/1/1593/2761/products/fa845260-5241-58d7-8339-e821fcda71af.jpg?v=1616599816,https://cdn.shopify.com/s/files/1/1593/2761/products/8934028b-f741-5e03-b135-87d9a91de3a4.jpg?v=1616599819"
0,SB-LVSP1058-XXM,2200,EUR,Louis Vuitton,Louis Vuitton Limited Edition Richard Prince Watercolor Speedy 35 Bag,"We offer Certificate of Authenticity provided by Entrupy for this item at no further cost. Gorgeous limited edition Louis Vuitton 'Watercolor Aquarelle Speedy 35' from the Spring/Summer 2008 runway collection. Crafted from Louis Vuitton's white watercolored monogram coated canvas with natural vacchetta leather trim and handles. This special pattern is designed by Richard Prince, who is one of America's most influential contemporary artists. The bag is accented with gold-tone hardware and it features dual rolled handles, upper zipper closure, white fabric lining, an internal open pocket and a D-ring inside the bag. Original padlock and key included. Logos / Tags: 'LOUIS VUITTON Paris - Made in France' engraved on cowhide leather on a side, signed hardware, authenticity serial number SP1058 engraved on leather tab inside. Details MATERIAL: Canvas COLOR: White MODEL: Speedy 35 Watercolor Aquarelle GENDER: Women COUNTRY OF MANUFACTURE: France SIZE: Medium STYLE: Satchel FEATURES: Limited Edition CLOSURE: Zip PATTERN: Monogram PRODUCT LINE: Louis Vuitton Speedy 35 Watercolor Aquarelle LINING MATERIAL: Canvas OCCASION: Everyday HANDLE STYLE: Double Handles YEAR MANUFACTURED: 2000-2009 DUSTBAG? No, we will provide an organic cotton dustbag BOX? No KEYS? Yes Condition B - VERY GOOD Gently used. Some normal wear of use on bottom corners. Some darkness due to normal wear of use on leather handles and trim. Some stains on the internal lining. The original Louis Vuitton dustbag is not included. Original Louis Vuitton padlock and keys are included (both show some darkness on the surface expected for the age). Please check the photos carefully and ask if you need to know more details or if you have any doubts. Measurements BAG HEIGHT: 9 inches - 22,8 cm BAG LENGTH: 13.75 inches - 35 cm BAG DEPTH: 7.5 inches - 18,4 cm STRAP DROP: - HANDLE DROP: -",BAGS,Handbags,Canvas,White,0.00,M,,,13.75,9,7.5,"BAG HEIGHT: 9 inches - 22,8 cm BAG LENGTH: 13.75 inches - 35 cm BAG DEPTH: 7.5 inches - 18,4 cm STRAP DROP: - HANDLE DROP: -",,,Please read item description,B - VERY GOOD,https://cdn.shopify.com/s/files/1/1593/2761/products/4e3e637b-ac66-5c50-9a2d-2fe2d26247f9.jpg?v=1609349961,"https://cdn.shopify.com/s/files/1/1593/2761/products/ab727e1a-7a59-50ff-8454-1206c5a86190.jpg?v=1609349964,https://cdn.shopify.com/s/files/1/1593/2761/products/822abbbb-c78a-53d7-a5ff-fa83a116cd70.jpg?v=1609349966,https://cdn.shopify.com/s/files/1/1593/2761/products/230e4570-d033-5cd0-b0b8-37a045580d3d.jpg?v=1609349968,https://cdn.shopify.com/s/files/1/1593/2761/products/470b2754-b510-53c4-ab9d-cc1e3694f26c.jpg?v=1609349970,https://cdn.shopify.com/s/files/1/1593/2761/products/3f30fffd-29f8-532a-8972-176cd20bb59c.jpg?v=1609349972,https://cdn.shopify.com/s/files/1/1593/2761/products/e54d5ea8-438b-5f98-bccd-9e3dd7b16999.jpg?v=1609349975"
0,448075-XX,1650,EUR,Gucci,Gucci Pink Leather Dionysus Bamboo Medium Top Handle Bag with Strap,"Beautiful Gucci Dionysus Bamboo Medium box shoulder bag. Crafted in hot pink calf leather. Flap closure with antiqued silver metal tiger heads detailing on the front, embellished with grey crystals. Fabric lining. It features 2 main sections and 1 middle zipper section. 2 side open pockets inside inside. Adjustable and removable blue/red/blue striped canvas shoulder strap and iconic Bamboo handle. 'GUCCI - made in Italy' tag inside (with serial number on its reverse). Details MATERIAL: Leather COLOR: Pink MODEL: Dionysus Bamboo GENDER: Women COUNTRY OF MANUFACTURE: Italy SIZE: Medium STYLE: Satchel FEATURES: Lined CLOSURE: Flap PATTERN: Solid PRODUCT LINE: Gucci Dionysus LINING MATERIAL: Canvas OCCASION: Casual HANDLE STYLE: Top Handle YEAR MANUFACTURED: 2010-2019 DUSTBAG? Yes BOX? No KEYS? No Condition A+ - MINT In perfect condition. It will come with its original GUCCI dustbag. Please check the photos carefully and ask if you need to know more details or if you have any doubts. Measurements BAG HEIGHT: 7.5 inches - 19.05 cm BAG LENGTH: 10.5 inches - 26,6 cm BAG DEPTH: 5 inches - 12.7 cm STRAP DROP: 22 inches - 55,8 cm HANDLE DROP: 5 inches - 12.7 cm",BAGS,Handbags,Leather,Pink,0.00,Onesize,,,10.5,7.5,5,"BAG HEIGHT: 7.5 inches - 19.05 cm BAG LENGTH: 10.5 inches - 26,6 cm BAG DEPTH: 5 inches - 12.7 cm STRAP DROP: 22 inches - 55,8 cm HANDLE DROP: 5 inches - 12.7 cm",,,Please read item description,A+ - MINT,https://cdn.shopify.com/s/files/1/1593/2761/products/862ae9e1-9f55-55fa-aef9-136fb1f67872.jpg?v=1609847229,"https://cdn.shopify.com/s/files/1/1593/2761/products/efa78097-7e44-546f-9495-fa4bffadaa19.jpg?v=1609847231,https://cdn.shopify.com/s/files/1/1593/2761/products/010e11cb-64ae-5832-b389-58102c4930c5.jpg?v=1609847233,https://cdn.shopify.com/s/files/1/1593/2761/products/4677a3e1-39eb-556b-927a-48337f27bc89.jpg?v=1609847234,https://cdn.shopify.com/s/files/1/1593/2761/products/69af6b56-d0bf-5752-b662-92f3d1ed86e2.jpg?v=1609847236,https://cdn.shopify.com/s/files/1/1593/2761/products/cd20eedc-2811-590b-beea-808fc2f5b51a.jpg?v=1609847238,https://cdn.shopify.com/s/files/1/1593/2761/products/0e489d34-0b8d-586e-9927-1b5c1b7e1e0f.jpg?v=1609847239,https://cdn.shopify.com/s/files/1/1593/2761/products/0e071ceb-b697-5241-ba96-b8c126d8f23d.jpg?v=1609847242"
0,DRSDE1003711-XX,173,EUR,Celine,Celine Mint Women Brown Sunglasses CL40071I 5656C 56-20-147 mm,Details MATERIAL: Acetate COLOR: Brown MODEL: CL40071I 5656C GENDER: Women COUNTRY OF MANUFACTURE: Italy TYPE: Sunglasses ORIGINAL CASE?: Yes STYLE: Round OCCASION: Casual FEATURES: Lightweight LENS COLOR: Grey LENS TECHNOLOGY: Mirrored YEAR MANUFACTURED: 2010-2019 VINTAGE?: No Condition A+ - MINT Measurements EYEWEAR MAX WIDTH:147 mm TEMPLE MAX. LENGTH:140 mm EYE / LENS MAX. WIDTH:56 mm EYE / LENS MAX. HEIGHT:47 mm BRIDGE MID. WIDTH:20 mm,ACCESSORIES,Sunglasses,Acetate,Brown,360.00,Onesize,,,,,,EYEWEAR MAX WIDTH:147 mm TEMPLE MAX. LENGTH:140 mm EYE / LENS MAX. WIDTH:56 mm EYE / LENS MAX. HEIGHT:47 mm BRIDGE MID. WIDTH:20 mm,,,Please read item description,A+ - MINT,https://cdn.shopify.com/s/files/1/1593/2761/products/f7cc3fa176798190cbc10d74434a69f5b4828d010.png?v=1613449082,"https://cdn.shopify.com/s/files/1/1593/2761/products/f9867dfbc85d95af4acc364f1abcd3173654399c4.png?v=1613449082,https://cdn.shopify.com/s/files/1/1593/2761/products/f0c15067afd3d9ec72287fa8f8d3588890bad449f.png?v=1613449082,https://cdn.shopify.com/s/files/1/1593/2761/products/f8da0872e58b6210ae3b2c6f72dbbfba68a8d2350.jpg?v=1613449082,https://cdn.shopify.com/s/files/1/1593/2761/products/ffb52edc12a3b2446835e2311b9c39c454da2fbee.png?v=1616678303,https://cdn.shopify.com/s/files/1/1593/2761/products/f503ab57e71439ada1c60be0aa5172888544a785f.png?v=1616678303,https://cdn.shopify.com/s/files/1/1593/2761/products/f38057e1ef277e411fd4b089193806e87f10c19ce.png?v=1616678303,https://cdn.shopify.com/s/files/1/1593/2761/products/f1a0345d5ab580aae32921c5eddbf57cc6b444b10.jpg?v=1616678303"
0,DRSDE1003829-XX,173,EUR,Celine,Celine Mint Women Bronze Sunglasses CL40064I 6456F 64-12-156 mm,Details MATERIAL: Acetate COLOR: Bronze MODEL: CL40064I 6456F GENDER: Women COUNTRY OF MANUFACTURE: Italy TYPE: Sunglasses ORIGINAL CASE?: Yes STYLE: Butterfly OCCASION: Casual FEATURES: Lightweight LENS COLOR: Bronze LENS TECHNOLOGY: Gradient YEAR MANUFACTURED: 2010-2019 VINTAGE?: No Condition A+ - MINT Measurements EYEWEAR MAX WIDTH:156 mm TEMPLE MAX. LENGTH:145 mm EYE / LENS MAX. WIDTH:64 mm EYE / LENS MAX. HEIGHT:55 mm BRIDGE MID. WIDTH:12 mm,ACCESSORIES,Sunglasses,Acetate,,360.00,Onesize,,,,,,EYEWEAR MAX WIDTH:156 mm TEMPLE MAX. LENGTH:145 mm EYE / LENS MAX. WIDTH:64 mm EYE / LENS MAX. HEIGHT:55 mm BRIDGE MID. WIDTH:12 mm,,,Please read item description,A+ - MINT,https://cdn.shopify.com/s/files/1/1593/2761/products/fd7fbdb3a7253ff6094835c74fc6b5cde0a37368b.png?v=1613449675,"https://cdn.shopify.com/s/files/1/1593/2761/products/f0036099bf7add3bcf54bcf4ebe2fb2df256946e8.png?v=1613449675,https://cdn.shopify.com/s/files/1/1593/2761/products/faaa635845529c1afe4715bd8ed3f103ce2d3a165.png?v=1613449675,https://cdn.shopify.com/s/files/1/1593/2761/products/fc00ac7603fd4340a07d13540d105f2ee5904643a.jpg?v=1613449675,https://cdn.shopify.com/s/files/1/1593/2761/products/f8d70814d3cbaa89e7b214168c69b23c2c044bf78.png?v=1616678408,https://cdn.shopify.com/s/files/1/1593/2761/products/f7d8885645db5400c2caf448bea7630a7608dde82.png?v=1616678408,https://cdn.shopify.com/s/files/1/1593/2761/products/fabc557efed7511df2c3d14fcfb2b21940c27d643.png?v=1616678408,https://cdn.shopify.com/s/files/1/1593/2761/products/f7fa8d2e4a26b2eaa84fca5238baeb6f1f14b7a97.jpg?v=1616678408"
0,DRSDE1003833-XX,173,EUR,Celine,Celine Mint Women Black Sunglasses CL40048F 6301W 63-13-151 mm,Details MATERIAL: Acetate COLOR: Black MODEL: CL40048F 6301W GENDER: Women COUNTRY OF MANUFACTURE: Italy TYPE: Sunglasses ORIGINAL CASE?: Yes STYLE: Oval OCCASION: Casual FEATURES: Lightweight LENS COLOR: Blue LENS TECHNOLOGY: Gradient YEAR MANUFACTURED: 2010-2019 VINTAGE?: No Condition A+ - MINT Measurements EYEWEAR MAX WIDTH:151 mm TEMPLE MAX. LENGTH:140 mm EYE / LENS MAX. WIDTH:63 mm EYE / LENS MAX. HEIGHT:56 mm BRIDGE MID. WIDTH:13 mm,ACCESSORIES,Sunglasses,Acetate,Black,360.00,Onesize,,,,,,EYEWEAR MAX WIDTH:151 mm TEMPLE MAX. LENGTH:140 mm EYE / LENS MAX. WIDTH:63 mm EYE / LENS MAX. HEIGHT:56 mm BRIDGE MID. WIDTH:13 mm,,,Please read item description,A+ - MINT,https://cdn.shopify.com/s/files/1/1593/2761/products/f9b7adc8fa0398dd800132969233c86ff38114849.png?v=1613449688,"https://cdn.shopify.com/s/files/1/1593/2761/products/f8b727d213775e12185b84c7e965c6a956a764ce2.png?v=1613449688,https://cdn.shopify.com/s/files/1/1593/2761/products/f080f36a5138bada16e10375f9b832483049f64a3.png?v=1613449688,https://cdn.shopify.com/s/files/1/1593/2761/products/f6851fb82284911b21d8b357d7a3093e5eea5ac63.jpg?v=1613449688,https://cdn.shopify.com/s/files/1/1593/2761/products/f258e005d5fe1f87c916bc75edc95c4ced0907041.png?v=1616678425,https://cdn.shopify.com/s/files/1/1593/2761/products/fe00edd803eaa7dc1e2c1b897bf5d348d5ab05dec.png?v=1616678425,https://cdn.shopify.com/s/files/1/1593/2761/products/ff858dc43e7abf7e21b086fef586f5b65b46f97ee.png?v=1616678425,https://cdn.shopify.com/s/files/1/1593/2761/products/fa2258814efae7a366b33f842213dab1272eccacd.jpg?v=1616678425"
0,DRSDE1003925-XX,173,EUR,Celine,Celine Mint Women Gold Sunglasses CL40026I 6233K 62-12-145 mm,Details MATERIAL: Metal COLOR: Gold MODEL: CL40026I 6233K GENDER: Women COUNTRY OF MANUFACTURE: Italy TYPE: Sunglasses ORIGINAL CASE?: Yes STYLE: Aviator OCCASION: Casual FEATURES: Lightweight LENS COLOR: Grey LENS TECHNOLOGY: Gradient YEAR MANUFACTURED: 2010-2019 VINTAGE?: No Condition A+ - MINT Measurements EYEWEAR MAX WIDTH:145 mm TEMPLE MAX. LENGTH:140 mm EYE / LENS MAX. WIDTH:62 mm EYE / LENS MAX. HEIGHT:55 mm BRIDGE MID. WIDTH:12 mm,ACCESSORIES,Sunglasses,Metal,Gold,360.00,Onesize,,,,,,EYEWEAR MAX WIDTH:145 mm TEMPLE MAX. LENGTH:140 mm EYE / LENS MAX. WIDTH:62 mm EYE / LENS MAX. HEIGHT:55 mm BRIDGE MID. WIDTH:12 mm,,,Please read item description,A+ - MINT,https://cdn.shopify.com/s/files/1/1593/2761/products/f3826daf2bd7a18e469c127695c1c8accc039358b.png?v=1613449883,"https://cdn.shopify.com/s/files/1/1593/2761/products/f5bb97fbad64c5506377884714263263c62a55194.png?v=1613449883,https://cdn.shopify.com/s/files/1/1593/2761/products/fe00dd539aa52dc7d8b8c65a4f813838fd432fa1a.png?v=1613449883,https://cdn.shopify.com/s/files/1/1593/2761/products/f08ba54b99319910410f9d99baf0a47e62d02205d.jpg?v=1613449883,https://cdn.shopify.com/s/files/1/1593/2761/products/fdb54d7239a759e773e408bbf2408a58e6b35a4ab.png?v=1616678464,https://cdn.shopify.com/s/files/1/1593/2761/products/f26a9e95258d9ada23b2d7bb451474d4da9d3f7b1.png?v=1616678464,https://cdn.shopify.com/s/files/1/1593/2761/products/f393e8d65038f021fde36e5af938324862f1b405b.png?v=1616678464,https://cdn.shopify.com/s/files/1/1593/2761/products/fa91479d4f25de6e97088edf648b08960958f1af4.jpg?v=1616678464"
0,DRSDE1004085-XX,205,EUR,Bvlgari,Bvlgari Mint Women Gold Sunglasses BV6114 20143B55 55-17-142 mm,Details MATERIAL: Metal COLOR: Gold MODEL: BV6114 20143B55 GENDER: Women COUNTRY OF MANUFACTURE: Italy TYPE: Sunglasses ORIGINAL CASE?: Yes STYLE: Butterfly OCCASION: Casual FEATURES: Lightweight LENS COLOR: Grey LENS TECHNOLOGY: Gradient YEAR MANUFACTURED: 2010-2019 VINTAGE?: No Condition A+ - MINT Measurements EYEWEAR MAX WIDTH:142 mm TEMPLE MAX. LENGTH:140 mm EYE / LENS MAX. WIDTH:55 mm EYE / LENS MAX. HEIGHT:49 mm BRIDGE MID. WIDTH:17 mm,ACCESSORIES,Sunglasses,Metal,Gold,363.00,Onesize,,,,,,EYEWEAR MAX WIDTH:142 mm TEMPLE MAX. LENGTH:140 mm EYE / LENS MAX. WIDTH:55 mm EYE / LENS MAX. HEIGHT:49 mm BRIDGE MID. WIDTH:17 mm,,,Please read item description,A+ - MINT,https://cdn.shopify.com/s/files/1/1593/2761/products/f3ff913c5498e4c1cfbc51c2c72eacb0e72d25872.png?v=1613450046,"https://cdn.shopify.com/s/files/1/1593/2761/products/f040bd1be56b6bcecd865185a0c63de34d8ccb94c.png?v=1613450046,https://cdn.shopify.com/s/files/1/1593/2761/products/f4aa2a0891dc9964940c3f3eed1c6c6147d349b10.png?v=1613450046,https://cdn.shopify.com/s/files/1/1593/2761/products/f7ba9894d4f285ce46bc44f758fa8e7272d6245cf.jpg?v=1613450046,https://cdn.shopify.com/s/files/1/1593/2761/products/f94d1f7f5860de46957613edeba39a149761d9a89.png?v=1616677996,https://cdn.shopify.com/s/files/1/1593/2761/products/f6885445cb3a3e1c3ec637840a65dc3c9594d38c1.png?v=1616677996,https://cdn.shopify.com/s/files/1/1593/2761/products/f43c2bc42230f766b4c5d7a0539065ad991b606f6.png?v=1616677996,https://cdn.shopify.com/s/files/1/1593/2761/products/f410d1e02c908d804adbeed4cbb6d45d56923a19c.jpg?v=1616677996"
0,DRSDE1017501-XX,140,EUR,Roberto Cavalli,Roberto Cavalli Mint Women Multicolor Sunglasses RC1042 5916P 59-15-141 mm,Details MATERIAL: Metal COLOR: Multicolor MODEL: RC1042 5916P GENDER: Women COUNTRY OF MANUFACTURE: Italy TYPE: Sunglasses ORIGINAL CASE?: Yes STYLE: Aviator OCCASION: Casual FEATURES: Lightweight LENS COLOR: Green LENS TECHNOLOGY: Gradient YEAR MANUFACTURED: 2010-2019 VINTAGE?: No Condition A+ - MINT Measurements EYEWEAR MAX WIDTH:141 mm TEMPLE MAX. LENGTH:140 mm EYE / LENS MAX. WIDTH:59 mm EYE / LENS MAX. HEIGHT:48 mm BRIDGE MID. WIDTH:15 mm,ACCESSORIES,Sunglasses,Metal,Multicolor,380.00,Onesize,,,,,,EYEWEAR MAX WIDTH:141 mm TEMPLE MAX. LENGTH:140 mm EYE / LENS MAX. WIDTH:59 mm EYE / LENS MAX. HEIGHT:48 mm BRIDGE MID. WIDTH:15 mm,,,Please read item description,A+ - MINT,https://cdn.shopify.com/s/files/1/1593/2761/products/fa5df51e12be175e8ed222514bcb96043a7aee2c3.jpg?v=1613451336,"https://cdn.shopify.com/s/files/1/1593/2761/products/f231732659b026c74a12a0ccd356d2a7f6622b332.jpg?v=1613451336,https://cdn.shopify.com/s/files/1/1593/2761/products/f1229b3adf295ee111a389cfb504f16276d2d0d3b.jpg?v=1613451336,https://cdn.shopify.com/s/files/1/1593/2761/products/fca0fdac8b746c0a158b5d937c6854afa22467859.jpg?v=1613451337,https://cdn.shopify.com/s/files/1/1593/2761/products/f99c4d9a2aefa5a757de061eeb8a63cad97170664.jpg?v=1616677037,https://cdn.shopify.com/s/files/1/1593/2761/products/ff1fea30d03ca4f7b7c1927ab5b02c6f2a615499b.jpg?v=1616677037,https://cdn.shopify.com/s/files/1/1593/2761/products/fcd9a1864c38894cfc9b4828ca4b2245994345818.jpg?v=1616677037,https://cdn.shopify.com/s/files/1/1593/2761/products/f19647967036d0c256b5e290d130ee690c553cbca.jpg?v=1616677037"
2,DRSDE1004148-XX,193,EUR,Miu Miu,Miu Miu Mint Women Silver Sunglasses MU02SS VA50A063 63-16-145 mm,Details MATERIAL: Metal COLOR: Silver MODEL: MU02SS VA50A063 GENDER: Women COUNTRY OF MANUFACTURE: Italy TYPE: Sunglasses ORIGINAL CASE?: Yes STYLE: Butterfly OCCASION: Casual FEATURES: Lightweight LENS COLOR: Purple LENS TECHNOLOGY: No Extra YEAR MANUFACTURED: 2010-2019 VINTAGE?: No Condition A+ - MINT Measurements EYEWEAR MAX WIDTH:145 mm TEMPLE MAX. LENGTH:140 mm EYE / LENS MAX. WIDTH:63 mm EYE / LENS MAX. HEIGHT:62 mm BRIDGE MID. WIDTH:16 mm,ACCESSORIES,Sunglasses,Metal,Silver,302.00,Onesize,,,,,,EYEWEAR MAX WIDTH:145 mm TEMPLE MAX. LENGTH:140 mm EYE / LENS MAX. WIDTH:63 mm EYE / LENS MAX. HEIGHT:62 mm BRIDGE MID. WIDTH:16 mm,,,Please read item description,A+ - MINT,https://cdn.shopify.com/s/files/1/1593/2761/products/fc0ef99c35cb5926c22c9719d7b009d45ff20bfec.png?v=1613452772,"https://cdn.shopify.com/s/files/1/1593/2761/products/faf99d9af3ba527ecbf26888c47fcffa2b5ea7f67.png?v=1613452772,https://cdn.shopify.com/s/files/1/1593/2761/products/f84bc2930d4d368ef06133e79b6cbc907a04a8793.png?v=1613452772,https://cdn.shopify.com/s/files/1/1593/2761/products/fc8feeb1c07dcabf74be034cc45381279eee9b9ae.jpg?v=1613452772,https://cdn.shopify.com/s/files/1/1593/2761/products/f460b95f8ac458334fa3e3622fbd990c08edb3df1.png?v=1616678191,https://cdn.shopify.com/s/files/1/1593/2761/products/feb070f6e3cd31515801b6009107ec5a6b79cbd65.png?v=1616678191,https://cdn.shopify.com/s/files/1/1593/2761/products/f4abcb54e350e3009996003abb93402fdf85f5984.png?v=1616678191,https://cdn.shopify.com/s/files/1/1593/2761/products/f6cf85fc420a62940bdedecb1182fb60aef7f6a68.jpg?v=1616678191"
2,DRSDE1004153-XX,193,EUR,Miu Miu,Miu Miu Mint Women Black Sunglasses MU06TS 16E5O053 53-24-146 mm,Details MATERIAL: Metal COLOR: Black MODEL: MU06TS 16E5O053 GENDER: Women COUNTRY OF MANUFACTURE: Italy TYPE: Sunglasses ORIGINAL CASE?: Yes STYLE: Butterfly OCCASION: Casual FEATURES: Lightweight LENS COLOR: Black LENS TECHNOLOGY: Gradient YEAR MANUFACTURED: 2010-2019 VINTAGE?: No Condition A+ - MINT Measurements EYEWEAR MAX WIDTH:146 mm TEMPLE MAX. LENGTH:140 mm EYE / LENS MAX. WIDTH:53 mm EYE / LENS MAX. HEIGHT:47 mm BRIDGE MID. WIDTH:24 mm,ACCESSORIES,Sunglasses,Metal,Black,286.00,Onesize,,,,,,EYEWEAR MAX WIDTH:146 mm TEMPLE MAX. LENGTH:140 mm EYE / LENS MAX. WIDTH:53 mm EYE / LENS MAX. HEIGHT:47 mm BRIDGE MID. WIDTH:24 mm,,,Please read item description,A+ - MINT,https://cdn.shopify.com/s/files/1/1593/2761/products/f5f5a1238de7e0bc4e46ea47b87d8e49a2f6146f9.png?v=1613452829,"https://cdn.shopify.com/s/files/1/1593/2761/products/f4b7b90ea3060d35ae55319224669dd5710102932.png?v=1613452829,https://cdn.shopify.com/s/files/1/1593/2761/products/f7a0a21be208f77bc8d026c31e65466e02b5124db.png?v=1613452829,https://cdn.shopify.com/s/files/1/1593/2761/products/fdb9c5f198bfd5d592ff36d990cfa440a94e89fe3.jpg?v=1613452829,https://cdn.shopify.com/s/files/1/1593/2761/products/fe4c8ee3c9847efb6fd0ce013627726a98c0a877f.png?v=1616678218,https://cdn.shopify.com/s/files/1/1593/2761/products/fdc95a6a13c0d244132585052b90021be684a4079.png?v=1616678219,https://cdn.shopify.com/s/files/1/1593/2761/products/f35c3cde881fe36d051ce8644cfa2dd6e6af00147.png?v=1616678219,https://cdn.shopify.com/s/files/1/1593/2761/products/fe1d672cc890731e75d2361b5270fc7948c2fd937.jpg?v=1616678219"
2,DRSDE1004575-XX,193,EUR,Miu Miu,Miu Miu Mint Women Gold Sunglasses MU56RS 7OE6X165 65-19-158 mm,Details MATERIAL: Metal COLOR: Gold MODEL: MU56RS 7OE6X165 GENDER: Women COUNTRY OF MANUFACTURE: Italy TYPE: Sunglasses ORIGINAL CASE?: Yes STYLE: Butterfly OCCASION: Casual FEATURES: Lightweight LENS COLOR: RosÃƒÂ© Gold LENS TECHNOLOGY: No Extra YEAR MANUFACTURED: 2010-2019 VINTAGE?: No Condition A+ - MINT Measurements EYEWEAR MAX WIDTH:158 mm TEMPLE MAX. LENGTH:135 mm EYE / LENS MAX. WIDTH:65 mm EYE / LENS MAX. HEIGHT:60 mm BRIDGE MID. WIDTH:19 mm,ACCESSORIES,Sunglasses,Metal,Gold,390.00,Onesize,,,,,,EYEWEAR MAX WIDTH:158 mm TEMPLE MAX. LENGTH:135 mm EYE / LENS MAX. WIDTH:65 mm EYE / LENS MAX. HEIGHT:60 mm BRIDGE MID. WIDTH:19 mm,,,Please read item description,A+ - MINT,https://cdn.shopify.com/s/files/1/1593/2761/products/f3368566f2adb1c4a2b1ebe7d46bd036966baa327.png?v=1613452977,"https://cdn.shopify.com/s/files/1/1593/2761/products/fbf43b1340a198540782e6a3e7cae95246a9c7bf1.png?v=1613452977,https://cdn.shopify.com/s/files/1/1593/2761/products/fa51a6480c715c03b3d59685e1f3840450453f65f.png?v=1613452977,https://cdn.shopify.com/s/files/1/1593/2761/products/f99d4de2fffdeca61f3f6101770a1273575bc4da8.jpg?v=1613452977,https://cdn.shopify.com/s/files/1/1593/2761/products/f1c02d8ec4882973a18d81ae1179e57e381a5310d.png?v=1616678267,https://cdn.shopify.com/s/files/1/1593/2761/products/f9e9ace2dd10ac9b42405619d5f45e7b850779fbb.png?v=1616678267,https://cdn.shopify.com/s/files/1/1593/2761/products/fedcde0d38823aae560fc3234611e145226eac452.png?v=1616678267,https://cdn.shopify.com/s/files/1/1593/2761/products/f8d3433407db44a43ed94213711e3002bff73c63f.jpg?v=1616678267"
0,DRSDE1005051-XX,217,EUR,Christian Dior,Christian Dior Mint Women Silver Sunglasses DIORULTIMEF 53AVB 53-22-146 mm,Details MATERIAL: Metal COLOR: Silver MODEL: DIORULTIMEF 53AVB GENDER: Women COUNTRY OF MANUFACTURE: Italy TYPE: Sunglasses ORIGINAL CASE?: Yes STYLE: Butterfly OCCASION: Casual FEATURES: Lightweight LENS COLOR: Gold LENS TECHNOLOGY: Mirrored YEAR MANUFACTURED: 2010-2019 VINTAGE?: No Condition A+ - MINT Measurements EYEWEAR MAX WIDTH:146 mm TEMPLE MAX. LENGTH:145 mm EYE / LENS MAX. WIDTH:53 mm EYE / LENS MAX. HEIGHT:48 mm BRIDGE MID. WIDTH:22 mm,ACCESSORIES,Sunglasses,Metal,Silver,288.00,Onesize,,,,,,EYEWEAR MAX WIDTH:146 mm TEMPLE MAX. LENGTH:145 mm EYE / LENS MAX. WIDTH:53 mm EYE / LENS MAX. HEIGHT:48 mm BRIDGE MID. WIDTH:22 mm,,,Please read item description,A+ - MINT,https://cdn.shopify.com/s/files/1/1593/2761/products/f3c72d0198598ddab192ed9e15db864935cd9c43a.png?v=1613453454,"https://cdn.shopify.com/s/files/1/1593/2761/products/f2d5091d3107c5c6f60755fc8acf2aaa3f21c5366.png?v=1613453454,https://cdn.shopify.com/s/files/1/1593/2761/products/f3970636a820c03272e39ed46a96c38fde7b902ab.png?v=1613453454,https://cdn.shopify.com/s/files/1/1593/2761/products/f5496e824d7ae8af0ec07e51b07cfd7a1214aa961.jpg?v=1613453454,https://cdn.shopify.com/s/files/1/1593/2761/products/fc23c5785e192a87e9a6c25d338894d9d91ffbedd.png?v=1616678605,https://cdn.shopify.com/s/files/1/1593/2761/products/f701bc99e053714f2c7d879abfb565a45e2d4ba90.png?v=1616678605,https://cdn.shopify.com/s/files/1/1593/2761/products/ffa27d22884de102486827e906871d2e23600a13a.png?v=1616678605,https://cdn.shopify.com/s/files/1/1593/2761/products/f9ce0b5802c1fa76e22e41d1770c5ddc245a7859e.jpg?v=1616678605"
0,DRSDE1005223-XX,217,EUR,Christian Dior,Christian Dior Mint Women Brown Sunglasses DIORINSIDEOUT1 57086 57-19-150 mm,Details MATERIAL: Acetate COLOR: Brown MODEL: DIORINSIDEOUT1 57086 GENDER: Women COUNTRY OF MANUFACTURE: Italy TYPE: Sunglasses ORIGINAL CASE?: Yes STYLE: Butterfly OCCASION: Casual FEATURES: Lightweight LENS COLOR: Purple LENS TECHNOLOGY: Gradient YEAR MANUFACTURED: 2010-2019 VINTAGE?: No Condition A+ - MINT Measurements EYEWEAR MAX WIDTH:150 mm TEMPLE MAX. LENGTH:145 mm EYE / LENS MAX. WIDTH:57 mm EYE / LENS MAX. HEIGHT:57 mm BRIDGE MID. WIDTH:19 mm,ACCESSORIES,Sunglasses,Acetate,Brown,288.00,Onesize,,,,,,EYEWEAR MAX WIDTH:150 mm TEMPLE MAX. LENGTH:145 mm EYE / LENS MAX. WIDTH:57 mm EYE / LENS MAX. HEIGHT:57 mm BRIDGE MID. WIDTH:19 mm,,,Please read item description,A+ - MINT,https://cdn.shopify.com/s/files/1/1593/2761/products/ff0597ed3309548086b3eaaace3176f7c1db0dca7.png?v=1613453547,"https://cdn.shopify.com/s/files/1/1593/2761/products/f1b95ad6c541554e0e9dda09b4f5e4a16472cce37.png?v=1613453547,https://cdn.shopify.com/s/files/1/1593/2761/products/f9e7f343a13c9f4e3fd4c912b8c90885603423fdb.png?v=1613453547,https://cdn.shopify.com/s/files/1/1593/2761/products/f026ba33487f3fc65ef74d17f96cd4118410ca0e4.jpg?v=1613453547,https://cdn.shopify.com/s/files/1/1593/2761/products/f9333ef1a046d608ff3c3b1f0eff3ddd9826f5362.png?v=1616678634,https://cdn.shopify.com/s/files/1/1593/2761/products/f3179152303aebb5a8233a4a7400b0b9cb63c9716.png?v=1616678634,https://cdn.shopify.com/s/files/1/1593/2761/products/fe9774052941e603bfb531bd1b32343edb14beb22.png?v=1616678634,https://cdn.shopify.com/s/files/1/1593/2761/products/fe1dd6b66f99f678589abe9b80ea6073a5f585244.jpg?v=1616678634"
0,DRSDE1002018-XX,217,EUR,Christian Dior,Christian Dior Mint Women Silver Sunglasses Diorstellaire6 010SQ61 61-12-142 mm,Details MATERIAL: Metal COLOR: Silver MODEL: Diorstellaire6 010SQ61 GENDER: Women COUNTRY OF MANUFACTURE: Italy TYPE: Sunglasses ORIGINAL CASE?: Yes STYLE: Aviator OCCASION: Casual FEATURES: Lightweight LENS COLOR: Gold LENS TECHNOLOGY: Mirrored YEAR MANUFACTURED: 2010-2019 VINTAGE?: No Condition A+ - MINT Measurements EYEWEAR MAX WIDTH:142 mm TEMPLE MAX. LENGTH:145 mm EYE / LENS MAX. WIDTH:61 mm EYE / LENS MAX. HEIGHT:56 mm BRIDGE MID. WIDTH:12 mm,ACCESSORIES,Sunglasses,Metal,Silver,390.00,Onesize,,,,,,EYEWEAR MAX WIDTH:142 mm TEMPLE MAX. LENGTH:145 mm EYE / LENS MAX. WIDTH:61 mm EYE / LENS MAX. HEIGHT:56 mm BRIDGE MID. WIDTH:12 mm,,,Please read item description,A+ - MINT,https://cdn.shopify.com/s/files/1/1593/2761/products/f91176275592be8848fef687b0616db10d99e7a9e.png?v=1613456114,"https://cdn.shopify.com/s/files/1/1593/2761/products/fd79432a0a7fe65f544d7808dee90d6196bd7243f.png?v=1613456114,https://cdn.shopify.com/s/files/1/1593/2761/products/faee084f638950dd9bae0f5e76cc873fe7f418370.png?v=1613456114,https://cdn.shopify.com/s/files/1/1593/2761/products/fc8b27ccc127c176c330014c14b4502ca0165b667.png?v=1616677602,https://cdn.shopify.com/s/files/1/1593/2761/products/f510d7827d5954098c79a13fddd04bb996cb23a8c.png?v=1616677602,https://cdn.shopify.com/s/files/1/1593/2761/products/f69b38531fe1dcd6b6c298a127c3ddde141a1377d.png?v=1616677602"
2,DRSDE1004113-XX,141,EUR,Emporio Armani,Emporio Armani Mint Unisex Silver Sunglasses EA2061 30035A52 52-19-139 mm,Details MATERIAL: Metal COLOR: Silver MODEL: EA2061 30035A52 GENDER: Adult Unisex COUNTRY OF MANUFACTURE: Italy TYPE: Sunglasses ORIGINAL CASE?: Yes STYLE: Round OCCASION: Casual FEATURES: Lightweight LENS COLOR: Brown LENS TECHNOLOGY: Mirrored YEAR MANUFACTURED: 2010-2019 VINTAGE?: No Condition A+ - MINT Measurements EYEWEAR MAX WIDTH:139 mm TEMPLE MAX. LENGTH:140 mm EYE / LENS MAX. WIDTH:52 mm EYE / LENS MAX. HEIGHT:51 mm BRIDGE MID. WIDTH:19 mm,ACCESSORIES,Sunglasses,Metal,Silver,170.00,Onesize,,,,,,EYEWEAR MAX WIDTH:139 mm TEMPLE MAX. LENGTH:140 mm EYE / LENS MAX. WIDTH:52 mm EYE / LENS MAX. HEIGHT:51 mm BRIDGE MID. WIDTH:19 mm,,,Please read item description,A+ - MINT,https://cdn.shopify.com/s/files/1/1593/2761/products/f571ef6c443d54f8b665a92ea7f74a74b64e611a2.png?v=1615007565,"https://cdn.shopify.com/s/files/1/1593/2761/products/f84d072cd385fc9f70ff8a68e65a976425d8e9d63.png?v=1615007565,https://cdn.shopify.com/s/files/1/1593/2761/products/f25f6081769d98debf78cfb2d2dbaa55ca4d966d0.png?v=1615007565,https://cdn.shopify.com/s/files/1/1593/2761/products/f879487c3cdf620e301817d96482150076a4c9149.jpg?v=1615007565,https://cdn.shopify.com/s/files/1/1593/2761/products/fcbfadb63072fffbeb7024c9f8547d4b5fb324187.jpg?v=1615007565,https://cdn.shopify.com/s/files/1/1593/2761/products/f23b877dd71a6206bae32921ed8c1e8048d4bd0ad.png?v=1616678030,https://cdn.shopify.com/s/files/1/1593/2761/products/fc0b6fdc7329a88a46a49d4bbc3f2cd2f4b9b66d0.png?v=1616678030,https://cdn.shopify.com/s/files/1/1593/2761/products/f3100f42031d6b5afd4eb908837bd7c158485f8a6.png?v=1616678030,https://cdn.shopify.com/s/files/1/1593/2761/products/fd6163fe77e7e1f0b5d1fd31518014aac7879edc2.jpg?v=1616678030,https://cdn.shopify.com/s/files/1/1593/2761/products/fc5669f85e2bf00c733b03e99ad27775c4624fc11.jpg?v=1616678030"
2,DRSDE1004114-XX,141,EUR,Emporio Armani,Emporio Armani Mint Unisex Silver Sunglasses EA2061 30136R52 52-19-139 mm,Details MATERIAL: Metal COLOR: Silver MODEL: EA2061 30136R52 GENDER: Adult Unisex COUNTRY OF MANUFACTURE: Italy TYPE: Sunglasses ORIGINAL CASE?: Yes STYLE: Round OCCASION: Casual FEATURES: Lightweight LENS COLOR: Grey LENS TECHNOLOGY: Mirrored YEAR MANUFACTURED: 2010-2019 VINTAGE?: No Condition A+ - MINT Measurements EYEWEAR MAX WIDTH:139 mm TEMPLE MAX. LENGTH:140 mm EYE / LENS MAX. WIDTH:52 mm EYE / LENS MAX. HEIGHT:50 mm BRIDGE MID. WIDTH:19 mm,ACCESSORIES,Sunglasses,Metal,Silver,203.00,Onesize,,,,,,EYEWEAR MAX WIDTH:139 mm TEMPLE MAX. LENGTH:140 mm EYE / LENS MAX. WIDTH:52 mm EYE / LENS MAX. HEIGHT:50 mm BRIDGE MID. WIDTH:19 mm,,,Please read item description,A+ - MINT,https://cdn.shopify.com/s/files/1/1593/2761/products/f2edd91d84c5c4ccb0ba3c5d4b5a3e6dd484bede9.png?v=1615007595,"https://cdn.shopify.com/s/files/1/1593/2761/products/f3f8c016eb4bed7beddf5cf6ca59ed3a643960119.png?v=1615007595,https://cdn.shopify.com/s/files/1/1593/2761/products/f472c1dbe415d50c037f66635afd530cb6100bd69.png?v=1615007595,https://cdn.shopify.com/s/files/1/1593/2761/products/feacde9595476a13c9d09b83bf193631b835d80c2.jpg?v=1615007595,https://cdn.shopify.com/s/files/1/1593/2761/products/f885c7e5d988c3c8070616712f416c69afdc4a36a.jpg?v=1615007595,https://cdn.shopify.com/s/files/1/1593/2761/products/f4c9329750949c18641e750507ec6fb636a307623.png?v=1616678049,https://cdn.shopify.com/s/files/1/1593/2761/products/f4b89a3c92f3a4adb2f4b4401fcc68acfa7e60d81.png?v=1616678049,https://cdn.shopify.com/s/files/1/1593/2761/products/fa282fd68bf7d10595f20719a927c99c8d5ecf4d8.png?v=1616678049,https://cdn.shopify.com/s/files/1/1593/2761/products/f89b8785c0dcd4e113a4b2cf60b28f7594c9862e0.jpg?v=1616678049,https://cdn.shopify.com/s/files/1/1593/2761/products/f2da21b14545a58c26993c0346a26536614932b7f.jpg?v=1616678049"
2,DRSDE1004116-XX,141,EUR,Emporio Armani,Emporio Armani Mint Women Gold Sunglasses EA2070 32194Z59 59-14-145 mm,Details MATERIAL: Metal COLOR: Gold MODEL: EA2070 32194Z59 GENDER: Women COUNTRY OF MANUFACTURE: Italy TYPE: Sunglasses ORIGINAL CASE?: Yes STYLE: Aviator OCCASION: Casual FEATURES: Lightweight LENS COLOR: Multicolor LENS TECHNOLOGY: Mirrored YEAR MANUFACTURED: 2010-2019 VINTAGE?: No Condition A+ - MINT Measurements EYEWEAR MAX WIDTH:145 mm TEMPLE MAX. LENGTH:140 mm EYE / LENS MAX. WIDTH:59 mm EYE / LENS MAX. HEIGHT:51 mm BRIDGE MID. WIDTH:14 mm,ACCESSORIES,Sunglasses,Metal,Gold,203.00,Onesize,,,,,,EYEWEAR MAX WIDTH:145 mm TEMPLE MAX. LENGTH:140 mm EYE / LENS MAX. WIDTH:59 mm EYE / LENS MAX. HEIGHT:51 mm BRIDGE MID. WIDTH:14 mm,,,Please read item description,A+ - MINT,https://cdn.shopify.com/s/files/1/1593/2761/products/f44d1a50a18a67c63d350e880f5caaea7db0013ed.png?v=1615007684,"https://cdn.shopify.com/s/files/1/1593/2761/products/ff2799129188fd2d73bbc7c7e1d91cb355e9d997a.png?v=1615007684,https://cdn.shopify.com/s/files/1/1593/2761/products/fa84b9022b8ea65fab28041b3c1bf5638660140cc.png?v=1615007684,https://cdn.shopify.com/s/files/1/1593/2761/products/f501de7405b3d98144ac6a380681530f4ea8f4a74.jpg?v=1615007684,https://cdn.shopify.com/s/files/1/1593/2761/products/f0dc1979be3329ad8b1e280d38aec014530b364c3.png?v=1616678069,https://cdn.shopify.com/s/files/1/1593/2761/products/f44e214e1ea32afbeaa3928c5d2420ab35a350ded.png?v=1616678069,https://cdn.shopify.com/s/files/1/1593/2761/products/f15c43b7962711c01ef6428a86f45b1f79284e02b.png?v=1616678069,https://cdn.shopify.com/s/files/1/1593/2761/products/f42326454ea6a795676f0165b45620670070f45cd.jpg?v=1616678069"
2,DRSDE1004121-XX,141,EUR,Emporio Armani,Emporio Armani Mint Unisex Silver Sunglasses EA2086 30156G56 56-19-143 mm,Details MATERIAL: Metal COLOR: Silver MODEL: EA2086 30156G56 GENDER: Adult Unisex COUNTRY OF MANUFACTURE: Italy TYPE: Sunglasses ORIGINAL CASE?: Yes STYLE: Square OCCASION: Casual FEATURES: Lightweight LENS COLOR: Grey LENS TECHNOLOGY: No Extra YEAR MANUFACTURED: 2010-2019 VINTAGE?: No Condition A+ - MINT Measurements EYEWEAR MAX WIDTH:143 mm TEMPLE MAX. LENGTH:140 mm EYE / LENS MAX. WIDTH:56 mm EYE / LENS MAX. HEIGHT:36 mm BRIDGE MID. WIDTH:19 mm,ACCESSORIES,Sunglasses,Metal,Silver,170.00,Onesize,,,,,,EYEWEAR MAX WIDTH:143 mm TEMPLE MAX. LENGTH:140 mm EYE / LENS MAX. WIDTH:56 mm EYE / LENS MAX. HEIGHT:36 mm BRIDGE MID. WIDTH:19 mm,,,Please read item description,A+ - MINT,https://cdn.shopify.com/s/files/1/1593/2761/products/f520778b3b6ebdb2eddb67ab7c98225e61616e395.png?v=1615008772,"https://cdn.shopify.com/s/files/1/1593/2761/products/f3182a579cac2265778626a99e5bf656fb7d81b62.png?v=1615008772,https://cdn.shopify.com/s/files/1/1593/2761/products/f02da4fbd8c96e42486b51eacb9c7a8c8494cd8b4.png?v=1615008772,https://cdn.shopify.com/s/files/1/1593/2761/products/fee22267a4229c771fed4a10449f7d4ae38bef6bc.jpg?v=1615008772,https://cdn.shopify.com/s/files/1/1593/2761/products/f48a282ca48d52f982ed3a0ba2ebd9f2d71a0c28b.jpg?v=1615008772,https://cdn.shopify.com/s/files/1/1593/2761/products/f59f6301fe09cb16f8ed6ab6fb8b991b864414d95.png?v=1616678099,https://cdn.shopify.com/s/files/1/1593/2761/products/f76a1c044c604da7c03769f851f036e16bf3478c6.png?v=1616678099,https://cdn.shopify.com/s/files/1/1593/2761/products/fe8f9aad6140d85525354a035ebd6ba8b9d5c7cbf.png?v=1616678099,https://cdn.shopify.com/s/files/1/1593/2761/products/f386d3d6c7e9df6d79bd5fc0851f93b4df19e6a5d.jpg?v=1616678099,https://cdn.shopify.com/s/files/1/1593/2761/products/f19bfc0383d7d7dd8e4caa94e3f1ea0e281387e12.jpg?v=1616678099"
0,YSL23965-XX606,180,EUR,Yves Saint Laurent,Yves Saint Laurent Burgundy Patent Leather Metropolis Tribute Tote Bag,"Yves Saint Laurent burgundy 'Metropolis Tribute Bag', crafted in burgundy shiny leather. It features a sleek design in with side zip detailing , an ID tag and gold metal hardware. Magnetic button closure on top. Black satin lining. 1 side zip pocket inside. 'YVES SAINT LAURENT - Rive Gauche' tag inside (with 'Made in Italy' and serial number on its reverse). Details MATERIAL: Patent Leather COLOR: Burgundy MODEL: Metropolis Tribute GENDER: Women COUNTRY OF MANUFACTURE: Italy SIZE: Medium STYLE: Tote FEATURES: Lined CLOSURE: Magnetic PATTERN: Solid PRODUCT LINE: Yves Saint Laurent Metropolis LINING MATERIAL: Canvas OCCASION: Everyday HANDLE STYLE: Double Handles YEAR MANUFACTURED: 2000-2009 DUSTBAG? No BOX? No KEYS? No Condition A - EXCELLENT Gently used. Imperceptible signs of wear may be present due to storage. Please check the photos carefully and ask if you need to know more details or if you have any doubts. Measurements BAG HEIGHT: 13.5 inches - 34.29 cm BAG LENGTH: 13.5 inches - 34.29 cm BAG DEPTH: 1 inch - 2.54 cm STRAP DROP: - HANDLE DROP: 8 inches - 20.32 cm",BAGS,Totes,Leather,Red,0.00,M,,,13.5,13.5,1,BAG HEIGHT: 13.5 inches - 34.29 cm BAG LENGTH: 13.5 inches - 34.29 cm BAG DEPTH: 1 inch - 2.54 cm STRAP DROP: - HANDLE DROP: 8 inches - 20.32 cm,,,Please read item description,A - EXCELLENT,https://cdn.shopify.com/s/files/1/1593/2761/products/2f887c8d-bed6-55ab-9da5-11cbaba9c778.jpg?v=1615398518,"https://cdn.shopify.com/s/files/1/1593/2761/products/c7a3b506-a97d-561e-b41a-a8729232e236.jpg?v=1615398523,https://cdn.shopify.com/s/files/1/1593/2761/products/b86c9617-f0e7-5dbd-a8c1-1707462631f9.jpg?v=1615398526,https://cdn.shopify.com/s/files/1/1593/2761/products/f1688f94-0baf-5fed-b0d1-497de6079884.jpg?v=1615398528,https://cdn.shopify.com/s/files/1/1593/2761/products/78cde90c-520d-58b1-832b-413660eaa5af.jpg?v=1615398530,https://cdn.shopify.com/s/files/1/1593/2761/products/9ea813c1-b43e-57c7-a6b1-391fe88a83ac.jpg?v=1615398533"
0,PERSOL2702S-XX,95,EUR,Persol,Persol Vintage Mint Grey Sunglasses 2702-S Rectangle 54/17 135 mm,"PERSOL sunglasses mod. 2702-S. Rectangular handmade grey sunglasses from early 90s by PERSOL. Grey acetate frame. MEFLECTO system on the arms (2 metal pins which are inserted vertically into the ear stems and provide flexibility in the stems). Gradient grey color lens (PERSOL mark on lens). Made in Italy. Style & Refs: 2702-S - 413/32 - 54/17 - 135 Details MATERIAL: Acetate COLOR: Grey MODEL: 2702-S GENDER: Unisex Adults COUNTRY OF MANUFACTURE: Italy TYPE: Sunglasses ORIGINAL CASE?: No, we will provide a generic case STYLE: Rectangle OCCASION: Everyday FEATURES: Lightweight LENS COLOR: Grey LENS TECHNOLOGY: Anti-Reflective YEAR MANUFACTURED: 1990-1999 VINTAGE?: Yes Condition A+ - MINT NEW OLD STOCK - Never worn or used Measurements EYEWEAR MAX WIDTH:135 mm TEMPLE MAX. LENGTH: 138 mm EYE / LENS MAX. WIDTH: 54 mm EYE / LENS MAX. HEIGHT: 38 mm BRIDGE MID. WIDTH: 17 mm",ACCESSORIES,Sunglasses,Acetate,Beige,0.00,Onesize,,,,,,EYEWEAR MAX WIDTH:135 mm TEMPLE MAX. LENGTH: 138 mm EYE / LENS MAX. WIDTH: 54 mm EYE / LENS MAX. HEIGHT: 38 mm BRIDGE MID. WIDTH: 17 mm,,,Please read item description,A+ - MINT,https://cdn.shopify.com/s/files/1/1593/2761/products/59bdbbfb-15ef-5aaf-ac7e-d8e2713daf7e.jpg?v=1615486976,"https://cdn.shopify.com/s/files/1/1593/2761/products/8b4ece4a-d1a0-58c0-9570-1b261cb2e342.jpg?v=1615486978,https://cdn.shopify.com/s/files/1/1593/2761/products/7a91beb4-3f81-58cd-b92c-2a80b2cee3a0.jpg?v=1615486980,https://cdn.shopify.com/s/files/1/1593/2761/products/b75dd784-0930-5cb4-b1bb-5301daa571b8.jpg?v=1615486982,https://cdn.shopify.com/s/files/1/1593/2761/products/2639bfc5-c351-59c1-8c46-6e31e37a09d9.jpg?v=1615486985,https://cdn.shopify.com/s/files/1/1593/2761/products/35bd7c64-fe44-538f-8ed7-0ebc0fa0a6dc.jpg?v=1615486987"
1,59014323-RC,45,EUR,Max & Co.,Max & Co. Classic Black Viscose Cotton Blazer Jacket Size 42 IT,"Classic blazer in black color by Max & Co. Long sleeve styling with buttoned cuffs. It features lapel collar, front button closure, 2 flap pockets. Lined. Composition: 49% Viscose, 47% Cotone, 4% Elastane. Size: 42 IT, 6 USA, 40 F, 38 CH, 30 MX, (The size shown for this item is the size indicated by the designer on the label). It should correspond to a SMALL size Details MATERIAL: Viscose COLOR: Black MODEL: Blazer GENDER: Women COUNTRY OF MANUFACTURE: Italy OCCASION: Formal SIZE: 42 IT PATTERN: Solid CLOSURE: Button FABRIC TYPE: Rayon SEASON: Spring VINTAGE?: No YEAR MANUFACTURED: 2000-2009 COLLAR STYLE: Lapel Collar JACKET or COAT LENGTH: Short SIZE TYPE: Regular GENERIC SIZE: S DRESS LENGTH: - SLEEVE LENGTH TYPE: Long Sleeve NECKLINE: V-Neck SLEEVE TYPE: - Condition A - EXCELLENT Gently used. Please check the photos carefully and ask if you need to know more details or if you have any doubts. Measurements SHOULDER TO SHOULDER: 15.5 inches - 39,4 cm BUST: 18.5 inches - 47 cm (flat - from side to side) SLEEVE LENGTH: 23 inches - 58.42 cm TOTAL LENGTH: 26.5 inches - 67.31 cm WAIST: - HIPS: - FROM WAIST TO HEM:",CLOTHING,Blazers,Viscose,Black,0.00,42,,42,,,,,,,Please read item description,A - EXCELLENT,https://cdn.shopify.com/s/files/1/1593/2761/products/03c7a30e-2f91-52d6-a3d8-1dfefe84ca98.jpg?v=1616665345,"https://cdn.shopify.com/s/files/1/1593/2761/products/d7170118-1248-5cb3-afdc-a377355b6c55.jpg?v=1616665347,https://cdn.shopify.com/s/files/1/1593/2761/products/c0d87051-9306-5caa-bc8c-9206114dc8f7.jpg?v=1616665349,https://cdn.shopify.com/s/files/1/1593/2761/products/30fe416b-4b44-5eed-97ec-fad9d9e938b8.jpg?v=1616665351,https://cdn.shopify.com/s/files/1/1593/2761/products/9bd2de35-0342-51c2-af7d-7044ad14ba39.jpg?v=1616665351,https://cdn.shopify.com/s/files/1/1593/2761/products/8d834eae-a447-5e68-92e9-4174a9920c8a.jpg?v=1616665351,https://cdn.shopify.com/s/files/1/1593/2761/products/aaf67eb9-a517-5411-a128-6e1a60b25c58.jpg?v=1616665351,https://cdn.shopify.com/s/files/1/1593/2761/products/25bea125-6d5e-528a-9dc1-ab8af46f6611.jpg?v=1616665351"
1,29183210-CSEC,65,EUR,Blumarine,Blumarine White Light Weight Embellished Cardigan Size 46 IT,"Blumarine white light weight knit cardigan. It features some beads and sequins flowers applique and multicolored silky panel along the borders. Front button closure. Composition is not indicated. It seems to be viscose. Made in Italy. SIZE: 46 IT, 40 D (it should correspond to a MEDIUM Size) Details MATERIAL: Rayon COLOR: White MODEL: - GENDER: Women COUNTRY OF MANUFACTURE: Italy OCCASION: Casual FEATURES: Lightweight SIZE: 46 IT PATTERN: Floral CLOSURE: Button FABRIC TYPE: Rayon SEASON: Spring VINTAGE?: No YEAR MANUFACTURED: 2000-2009 SIZE TYPE: Regular GENERIC SIZE: M LENGTH: - SLEEVE LENGTH TYPE: Long Sleeve NECKLINE: Round Neck SLEEVE TYPE: - Condition A - EXCELLENT Gently used.Please check the photos carefully and ask if you need to know more details or if you have any doubts. Measurements SHOULDER TO SHOULDER: 17 inches - 43.18 cm BUST: 17.5 inches - 41,5 cm (flat - from side to side) SLEEVE LENGTH: 22.5 inches - 57.15 cm TOTAL LENGTH: 21 inches - 53,3 cm WAIST: - HIPS: - FROM WAIST TO HEM:",CLOTHING,Sweaters,Viscose,Multicolor,0.00,46,,46,,,,,,,Please read item description,A - EXCELLENT,https://cdn.shopify.com/s/files/1/1593/2761/products/5fc131d3-30ce-5c3c-ab8d-31a556a769fb.jpg?v=1616665832,"https://cdn.shopify.com/s/files/1/1593/2761/products/2afc53de-ac6a-5649-afb0-f0017f5b8523.jpg?v=1616665834,https://cdn.shopify.com/s/files/1/1593/2761/products/2d89fdfc-7ef3-5947-bd01-4ba0e288a6b9.jpg?v=1616665836,https://cdn.shopify.com/s/files/1/1593/2761/products/0fd46e48-6031-54b8-b147-7931238bbf69.jpg?v=1616665838,https://cdn.shopify.com/s/files/1/1593/2761/products/c8498aff-273a-59a2-870b-36f8b5ea267a.jpg?v=1616665838"
1,78912101-CSEC,95,EUR,Blumarine,Blugirl Blumarine Black Wool Blend Blazer Jacket Size 44 IT,"Blazer in black color by Blugirl Blumarine. Long sleeve styling with rolled velvet cuffs. It features velvet lapel collar, front button closure, fitted waist, 2 front pockets. Lined. Composition:28 % Wool, 34% Acetate, 28% Rayon. Size: 44 IT, 38 D (The size shown for this item is the size indicated by the designer on the label). It should correspond to a MEDIUM size Details MATERIAL: Wool COLOR: Black MODEL: Blazer GENDER: Women COUNTRY OF MANUFACTURE: Italy OCCASION: Formal SIZE: 44 IT PATTERN: Solid CLOSURE: Button FABRIC TYPE: Velvet SEASON: Fall VINTAGE?: No YEAR MANUFACTURED: 2000-2009 COLLAR STYLE: Lapel Collar JACKET or COAT LENGTH: Short SIZE TYPE: Regular GENERIC SIZE: M DRESS LENGTH: - SLEEVE LENGTH TYPE: Long Sleeve NECKLINE: V-Neck SLEEVE TYPE: - Condition A - EXCELLENT Gently used. Please check the photos carefully and ask if you need to know more details or if you have any doubts. Measurements SHOULDER TO SHOULDER: 15 inches - 38.1 cm BUST: 19 inches - 48.26 cm (flat - from side to side) SLEEVE LENGTH: 22.5 inches - 57.15 cm TOTAL LENGTH: 20 inches - 50.8 cm WAIST: - HIPS: - FROM WAIST TO HEM:",CLOTHING,Blazers,Wool,Black,0.00,44,,44,,,,,,,Please read item description,A - EXCELLENT,https://cdn.shopify.com/s/files/1/1593/2761/products/e7ef67fe-57f7-5eaf-bbff-438fb4c2ce66.jpg?v=1616668013,"https://cdn.shopify.com/s/files/1/1593/2761/products/d2580122-cd12-5a5b-ba61-6b0ba0d4c5ba.jpg?v=1616668015,https://cdn.shopify.com/s/files/1/1593/2761/products/c3afcbbe-b693-5884-b913-91ef0cecc51a.jpg?v=1616668017,https://cdn.shopify.com/s/files/1/1593/2761/products/0f36e943-b52c-5f7c-b9f4-82468cf6d3b1.jpg?v=1616668019,https://cdn.shopify.com/s/files/1/1593/2761/products/dd229630-0134-5b7c-90ae-2f8df04ee813.jpg?v=1616668021,https://cdn.shopify.com/s/files/1/1593/2761/products/8704b81b-07a3-5ac1-b750-be564596f321.jpg?v=1616668023"